Segment,Country,Product,Discount Band,Units Sold,Manufacturing Price,Sale Price,Gross Sales,Discounts, Sales,COGS,Profit,Date,Month Number,Month Name,Year
Government,Germany,Carretera,None,1513,$3,$350.,"$529,550.",0,"$529,550.","$393,380.","$136,170.",1/12/14,12,December,2014
Government,Germany,Paseo,None,1006,$10,$350.,"$352,100.",0,"$352,100.","$261,560.","$90,540.",1/6/14,6,June,2014
Government,Canada,Paseo,None,1725,$10,$350.,"$603,750.",0,"$603,750.","$448,500.","$155,250.",1/11/13,11,November,2013
Government,Germany,Paseo,None,1513,$10,$350.,"$529,550.",0,"$529,550.","$393,380.","$136,170.",1/12/14,12,December,2014
Government,Germany,Velo,None,1006,$120,$350.,"$352,100.",0,"$352,100.","$261,560.","$90,540.",1/6/14,6,June,2014
Government,France,VTT,None,1527,$250,$350.,"$534,450.",0,"$534,450.","$397,020.","$137,430.",1/9/13,9,September,2013
Government,France,Amarilla,None,2750,$260,$350.,"$962,500.",0,"$962,500.","$715,000.","$247,500.",1/2/14,2,February,2014
Government,Mexico,Carretera,Low,1210,$3,$350.,"$423,500.",4235,"$419,265.","$314,600.","$104,665.",1/3/14,3,March,2014
Government,Mexico,Carretera,Low,1397,$3,$350.,"$488,950.",4889.5,"$484,060.5","$363,220.","$120,840.5",1/10/14,10,October,2014
Government,France,Carretera,Low,2155,$3,$350.,"$754,250.",7542.5,"$746,707.5","$560,300.","$186,407.5",1/12/14,12,December,2014
Government,France,Paseo,Low,2155,$10,$350.,"$754,250.",7542.5,"$746,707.5","$560,300.","$186,407.5",1/12/14,12,December,2014
Government,Canada,VTT,Low,943.5,$250,$350.,"$330,225.",3302.25,"$326,922.75","$245,310.","$81,612.75",1/4/14,4,April,2014
Government,Mexico,VTT,Low,1397,$250,$350.,"$488,950.",4889.5,"$484,060.5","$363,220.","$120,840.5",1/10/14,10,October,2014
Government,Canada,Carretera,Low,2852,$3,$350.,"$998,200.",19964,"$978,236.","$741,520.","$236,716.",1/12/14,12,December,2014
Government,Canada,Paseo,Low,2852,$10,$350.,"$998,200.",19964,"$978,236.","$741,520.","$236,716.",1/12/14,12,December,2014
Government,Germany,Velo,Low,2966,$120,$350.,"$1,038,100.",20762,"$1,017,338.","$771,160.","$246,178.",1/10/13,10,October,2013
Government,Germany,Velo,Low,2877,$120,$350.,"$1,006,950.",20139,"$986,811.","$748,020.","$238,791.",1/10/14,10,October,2014
Government,Germany,VTT,Low,2877,$250,$350.,"$1,006,950.",20139,"$986,811.","$748,020.","$238,791.",1/10/14,10,October,2014
Government,USA,VTT,Low,266,$250,$350.,"$93,100.",1862,"$91,238.","$69,160.","$22,078.",1/12/13,12,December,2013
Government,Mexico,VTT,Low,1940,$250,$350.,"$679,000.",13580,"$665,420.","$504,400.","$161,020.",1/12/13,12,December,2013
Government,Germany,Amarilla,Low,2966,$260,$350.,"$1,038,100.",20762,"$1,017,338.","$771,160.","$246,178.",1/10/13,10,October,2013
Government,Germany,Montana,Low,1797,$5,$350.,"$628,950.",18868.5,"$610,081.5","$467,220.","$142,861.5",1/9/13,9,September,2013
Government,Mexico,VTT,Low,1642,$250,$350.,"$574,700.",17241,"$557,459.","$426,920.","$130,539.",1/8/14,8,August,2014
Government,USA,Carretera,Low,274,$3,$350.,"$95,900.",3836,"$92,064.","$71,240.","$20,824.",1/12/14,12,December,2014
Government,USA,Paseo,Low,3450,$10,$350.,"$1,207,500.",48300,"$1,159,200.","$897,000.","$262,200.",1/7/14,7,July,2014
Government,USA,Paseo,Low,274,$10,$350.,"$95,900.",3836,"$92,064.","$71,240.","$20,824.",1/12/14,12,December,2014
Government,France,Velo,Low,2177,$120,$350.,"$761,950.",30478,"$731,472.","$566,020.","$165,452.",1/10/14,10,October,2014
Government,USA,VTT,Low,349,$250,$350.,"$122,150.",4886,"$117,264.","$90,740.","$26,524.",1/9/13,9,September,2013
Government,France,VTT,Low,2177,$250,$350.,"$761,950.",30478,"$731,472.","$566,020.","$165,452.",1/10/14,10,October,2014
Government,Mexico,Amarilla,Low,1865,$260,$350.,"$652,750.",26110,"$626,640.","$484,900.","$141,740.",1/2/14,2,February,2014
Government,Germany,Amarilla,Low,1907,$260,$350.,"$667,450.",26698,"$640,752.","$495,820.","$144,932.",1/9/14,9,September,2014
Government,Canada,Amarilla,Low,1778,$260,$350.,"$622,300.",24892,"$597,408.","$462,280.","$135,128.",1/12/13,12,December,2013
Government,France,Montana,Medium,1384.5,$5,$350.,"$484,575.",24228.75,"$460,346.25","$359,970.","$100,376.25",1/1/14,1,January,2014
Government,Mexico,Montana,Medium,720,$5,$350.,"$252,000.",12600,"$239,400.","$187,200.","$52,200.",1/9/13,9,September,2013
Government,USA,Paseo,Medium,602,$10,$350.,"$210,700.",10535,"$200,165.","$156,520.","$43,645.",1/6/14,6,June,2014
Government,Canada,Paseo,Medium,1228,$10,$350.,"$429,800.",21490,"$408,310.","$319,280.","$89,030.",1/10/13,10,October,2013
Government,USA,Velo,Medium,602,$120,$350.,"$210,700.",10535,"$200,165.","$156,520.","$43,645.",1/6/14,6,June,2014
Government,Germany,Amarilla,Medium,1350,$260,$350.,"$472,500.",23625,"$448,875.","$351,000.","$97,875.",1/2/14,2,February,2014
Government,Canada,Amarilla,Medium,552,$260,$350.,"$193,200.",9660,"$183,540.","$143,520.","$40,020.",1/8/14,8,August,2014
Government,Canada,Amarilla,Medium,1228,$260,$350.,"$429,800.",21490,"$408,310.","$319,280.","$89,030.",1/10/13,10,October,2013
Government,Mexico,Montana,Medium,980,$5,$350.,"$343,000.",20580,"$322,420.","$254,800.","$67,620.",1/4/14,4,April,2014
Government,Germany,Montana,Medium,1460,$5,$350.,"$511,000.",30660,"$480,340.","$379,600.","$100,740.",1/5/14,5,May,2014
Government,France,Paseo,Medium,1496,$10,$350.,"$523,600.",31416,"$492,184.","$388,960.","$103,224.",1/6/14,6,June,2014
Government,USA,Paseo,Medium,727,$10,$350.,"$254,450.",15267,"$239,183.","$189,020.","$50,163.",1/10/13,10,October,2013
Government,France,Velo,Medium,1496,$120,$350.,"$523,600.",31416,"$492,184.","$388,960.","$103,224.",1/6/14,6,June,2014
Government,France,Velo,Medium,2076,$120,$350.,"$726,600.",43596,"$683,004.","$539,760.","$143,244.",1/10/13,10,October,2013
Government,Mexico,Amarilla,Medium,1679,$260,$350.,"$587,650.",35259,"$552,391.","$436,540.","$115,851.",1/9/14,9,September,2014
Government,USA,Amarilla,Medium,727,$260,$350.,"$254,450.",15267,"$239,183.","$189,020.","$50,163.",1/10/13,10,October,2013
Government,France,Amarilla,Medium,2076,$260,$350.,"$726,600.",43596,"$683,004.","$539,760.","$143,244.",1/10/13,10,October,2013
Government,USA,Carretera,Medium,1761,$3,$350.,"$616,350.",43144.5,"$573,205.5","$457,860.","$115,345.5",1/3/14,3,March,2014
Government,France,Amarilla,Medium,2876,$260,$350.,"$1,006,600.",70462,"$936,138.","$747,760.","$188,378.",1/9/14,9,September,2014
Government,Mexico,Carretera,Medium,1362,$3,$350.,"$476,700.",38136,"$438,564.","$354,120.","$84,444.",1/12/14,12,December,2014
Government,Germany,Paseo,Medium,2146,$10,$350.,"$751,100.",60088,"$691,012.","$557,960.","$133,052.",1/11/13,11,November,2013
Government,Mexico,Paseo,Medium,1362,$10,$350.,"$476,700.",38136,"$438,564.","$354,120.","$84,444.",1/12/14,12,December,2014
Government,France,VTT,Medium,574.5,$250,$350.,"$201,075.",16086,"$184,989.","$149,370.","$35,619.",1/4/14,4,April,2014
Government,France,VTT,Medium,381,$250,$350.,"$133,350.",10668,"$122,682.","$99,060.","$23,622.",1/8/14,8,August,2014
Government,Germany,VTT,Medium,422,$250,$350.,"$147,700.",11816,"$135,884.","$109,720.","$26,164.",1/8/14,8,August,2014
Government,France,Montana,Medium,1666,$5,$350.,"$583,100.",52479,"$530,621.","$433,160.","$97,461.",1/5/14,5,May,2014
Government,Mexico,Paseo,Medium,2417,$10,$350.,"$845,950.",76135.5,"$769,814.5","$628,420.","$141,394.5",1/1/14,1,January,2014
Government,Germany,Velo,Medium,1307,$120,$350.,"$457,450.",41170.5,"$416,279.5","$339,820.","$76,459.5",1/7/14,7,July,2014
Government,Canada,Velo,Medium,1269,$120,$350.,"$444,150.",39973.5,"$404,176.5","$329,940.","$74,236.5",1/10/14,10,October,2014
Government,USA,VTT,Medium,1351.5,$250,$350.,"$473,025.",42572.25,"$430,452.75","$351,390.","$79,062.75",1/4/14,4,April,2014
Government,USA,Amarilla,Medium,2071,$260,$350.,"$724,850.",65236.5,"$659,613.5","$538,460.","$121,153.5",1/9/14,9,September,2014
Government,Canada,Amarilla,Medium,1269,$260,$350.,"$444,150.",39973.5,"$404,176.5","$329,940.","$74,236.5",1/10/14,10,October,2014
Government,USA,Montana,High,2313,$5,$350.,"$809,550.",80955,"$728,595.","$601,380.","$127,215.",1/5/14,5,May,2014
Government,France,Velo,High,639,$120,$350.,"$223,650.",22365,"$201,285.","$166,140.","$35,145.",1/7/14,7,July,2014
Government,USA,VTT,High,2807,$250,$350.,"$982,450.",98245,"$884,205.","$729,820.","$154,385.",1/8/14,8,August,2014
Government,Germany,VTT,High,1870,$250,$350.,"$654,500.",65450,"$589,050.","$486,200.","$102,850.",1/12/13,12,December,2013
Government,Canada,Amarilla,High,2240,$260,$350.,"$784,000.",78400,"$705,600.","$582,400.","$123,200.",1/2/14,2,February,2014
Government,Canada,Amarilla,High,707,$260,$350.,"$247,450.",24745,"$222,705.","$183,820.","$38,885.",1/9/14,9,September,2014
Government,Germany,Carretera,High,792,$3,$350.,"$277,200.",30492,"$246,708.","$205,920.","$40,788.",1/3/14,3,March,2014
Government,Germany,Montana,High,766,$5,$350.,"$268,100.",29491,"$238,609.","$199,160.","$39,449.",1/1/14,1,January,2014
Government,Canada,Paseo,High,2104.5,$10,$350.,"$736,575.",81023.25,"$655,551.75","$547,170.","$108,381.75",1/7/14,7,July,2014
Government,Mexico,Velo,High,344,$120,$350.,"$120,400.",13244,"$107,156.","$89,440.","$17,716.",1/10/13,10,October,2013
Government,Mexico,Amarilla,High,344,$260,$350.,"$120,400.",13244,"$107,156.","$89,440.","$17,716.",1/10/13,10,October,2013
Government,Mexico,Carretera,High,886,$3,$350.,"$310,100.",37212,"$272,888.","$230,360.","$42,528.",1/6/14,6,June,2014
Government,Mexico,Paseo,High,886,$10,$350.,"$310,100.",37212,"$272,888.","$230,360.","$42,528.",1/6/14,6,June,2014
Government,France,Paseo,High,1594,$10,$350.,"$557,900.",66948,"$490,952.","$414,440.","$76,512.",1/11/14,11,November,2014
Government,Mexico,Paseo,High,1197,$10,$350.,"$418,950.",50274,"$368,676.","$311,220.","$57,456.",1/11/14,11,November,2014
Government,Mexico,Velo,High,1395,$120,$350.,"$488,250.",58590,"$429,660.","$362,700.","$66,960.",1/7/14,7,July,2014
Government,USA,Velo,High,986,$120,$350.,"$345,100.",41412,"$303,688.","$256,360.","$47,328.",1/10/14,10,October,2014
Government,Canada,VTT,High,623,$250,$350.,"$218,050.",26166,"$191,884.","$161,980.","$29,904.",1/9/13,9,September,2013
Government,USA,VTT,High,986,$250,$350.,"$345,100.",41412,"$303,688.","$256,360.","$47,328.",1/10/14,10,October,2014
Government,USA,Amarilla,High,270,$260,$350.,"$94,500.",11340,"$83,160.","$70,200.","$12,960.",1/2/14,2,February,2014
Government,Canada,Carretera,High,923,$3,$350.,"$323,050.",41996.5,"$281,053.5","$239,980.","$41,073.5",1/3/14,3,March,2014
Government,France,Carretera,High,1790,$3,$350.,"$626,500.",81445,"$545,055.","$465,400.","$79,655.",1/3/14,3,March,2014
Government,USA,Montana,High,982.5,$5,$350.,"$343,875.",44703.75,"$299,171.25","$255,450.","$43,721.25",1/1/14,1,January,2014
Government,Canada,Paseo,High,2632,$10,$350.,"$921,200.",119756,"$801,444.","$684,320.","$117,124.",1/6/14,6,June,2014
Government,Germany,Paseo,High,357,$10,$350.,"$124,950.",16243.5,"$108,706.5","$92,820.","$15,886.5",1/11/14,11,November,2014
Government,Canada,Velo,High,2632,$120,$350.,"$921,200.",119756,"$801,444.","$684,320.","$117,124.",1/6/14,6,June,2014
Government,Canada,Montana,High,2227.5,$5,$350.,"$779,625.",109147.5,"$670,477.5","$579,150.","$91,327.5",1/1/14,1,January,2014
Government,Germany,Montana,High,1199,$5,$350.,"$419,650.",58751,"$360,899.","$311,740.","$49,159.",1/4/14,4,April,2014
Government,Canada,Montana,High,200,$5,$350.,"$70,000.",9800,"$60,200.","$52,000.","$8,200.",1/5/14,5,May,2014
Government,Canada,Paseo,High,700,$10,$350.,"$245,000.",34300,"$210,700.","$182,000.","$28,700.",1/11/14,11,November,2014
Government,USA,Paseo,High,1177,$10,$350.,"$411,950.",57673,"$354,277.","$306,020.","$48,257.",1/11/14,11,November,2014
Government,France,Paseo,High,1922,$10,$350.,"$672,700.",94178,"$578,522.","$499,720.","$78,802.",1/11/13,11,November,2013
Government,France,VTT,High,1281,$250,$350.,"$448,350.",62769,"$385,581.","$333,060.","$52,521.",1/12/13,12,December,2013
Government,Mexico,Paseo,High,2851,$10,$350.,"$997,850.",149677.5,"$848,172.5","$741,260.","$106,912.5",1/5/14,5,May,2014
Government,USA,Paseo,High,2007,$10,$350.,"$702,450.",105367.5,"$597,082.5","$521,820.","$75,262.5",1/11/13,11,November,2013
Government,Mexico,Paseo,High,2151,$10,$350.,"$752,850.",112927.5,"$639,922.5","$559,260.","$80,662.5",1/11/13,11,November,2013
Government,Canada,Carretera,None,1618.5,$3,$20.,"$32,370.",0,"$32,370.","$16,185.","$16,185.",1/1/14,1,January,2014
Government,Germany,Carretera,None,1321,$3,$20.,"$26,420.",0,"$26,420.","$13,210.","$13,210.",1/1/14,1,January,2014
Government,France,Montana,None,1899,$5,$20.,"$37,980.",0,"$37,980.","$18,990.","$18,990.",1/6/14,6,June,2014
Government,Canada,Paseo,None,292,$10,$20.,"$5,840.",0,"$5,840.","$2,920.","$2,920.",1/2/14,2,February,2014
Government,Canada,Paseo,None,1817,$10,$20.,"$36,340.",0,"$36,340.","$18,170.","$18,170.",1/12/14,12,December,2014
Government,Canada,VTT,None,1817,$250,$20.,"$36,340.",0,"$36,340.","$18,170.","$18,170.",1/12/14,12,December,2014
Government,France,Amarilla,None,1899,$260,$20.,"$37,980.",0,"$37,980.","$18,990.","$18,990.",1/6/14,6,June,2014
Government,France,Montana,Low,1375.5,$5,$20.,"$27,510.",275.1,"$27,234.9","$13,755.","$13,479.9",1/7/14,7,July,2014
Government,France,Velo,Low,3864,$120,$20.,"$77,280.",772.8,"$76,507.2","$38,640.","$37,867.2",1/4/14,4,April,2014
Government,USA,Montana,Low,1566,$5,$20.,"$31,320.",626.4,"$30,693.6","$15,660.","$15,033.6",1/10/14,10,October,2014
Government,USA,Velo,Low,1566,$120,$20.,"$31,320.",626.4,"$30,693.6","$15,660.","$15,033.6",1/10/14,10,October,2014
Government,Mexico,Velo,Low,544,$120,$20.,"$10,880.",217.6,"$10,662.4","$5,440.","$5,222.4",1/12/13,12,December,2013
Government,USA,Amarilla,Low,1236,$260,$20.,"$24,720.",494.4,"$24,225.6","$12,360.","$11,865.6",1/11/14,11,November,2014
Government,France,Amarilla,Low,941,$260,$20.,"$18,820.",376.4,"$18,443.6","$9,410.","$9,033.6",1/11/14,11,November,2014
Government,Germany,Carretera,Low,2580,$3,$20.,"$51,600.",1548,"$50,052.","$25,800.","$24,252.",1/4/14,4,April,2014
Government,Canada,Carretera,Low,831,$3,$20.,"$16,620.",498.6,"$16,121.4","$8,310.","$7,811.4",1/5/14,5,May,2014
Government,Canada,Velo,Low,3850.5,$120,$20.,"$77,010.",2310.3,"$74,699.7","$38,505.","$36,194.7",1/4/14,4,April,2014
Government,USA,Velo,Low,736,$120,$20.,"$14,720.",588.8,"$14,131.2","$7,360.","$6,771.2",1/9/13,9,September,2013
Government,Canada,Paseo,Low,2074,$10,$20.,"$41,480.",1659.2,"$39,820.8","$20,740.","$19,080.8",1/9/14,9,September,2014
Government,USA,Paseo,Low,1056,$10,$20.,"$21,120.",844.8,"$20,275.2","$10,560.","$9,715.2",1/9/14,9,September,2014
Government,Canada,Velo,Low,2646,$120,$20.,"$52,920.",2116.8,"$50,803.2","$26,460.","$24,343.2",1/9/13,9,September,2013
Government,France,Carretera,Medium,1563,$3,$20.,"$31,260.",1563,"$29,697.","$15,630.","$14,067.",1/5/14,5,May,2014
Government,France,Paseo,Medium,1303,$10,$20.,"$26,060.",1303,"$24,757.","$13,030.","$11,727.",1/2/14,2,February,2014
Government,Canada,Paseo,Medium,1389,$10,$20.,"$27,780.",1389,"$26,391.","$13,890.","$12,501.",1/10/13,10,October,2013
Government,Canada,Paseo,Medium,1802,$10,$20.,"$36,040.",1802,"$34,238.","$18,020.","$16,218.",1/12/13,12,December,2013
Government,USA,Paseo,Medium,2663,$10,$20.,"$53,260.",2663,"$50,597.","$26,630.","$23,967.",1/12/14,12,December,2014
Government,USA,Velo,Medium,2832,$120,$20.,"$56,640.",2832,"$53,808.","$28,320.","$25,488.",1/8/14,8,August,2014
Government,France,Velo,Medium,1579,$120,$20.,"$31,580.",1579,"$30,001.","$15,790.","$14,211.",1/8/14,8,August,2014
Government,France,Velo,Medium,1033,$120,$20.,"$20,660.",1033,"$19,627.","$10,330.","$9,297.",1/12/13,12,December,2013
Government,Canada,VTT,Medium,1389,$250,$20.,"$27,780.",1389,"$26,391.","$13,890.","$12,501.",1/10/13,10,October,2013
Government,USA,VTT,Medium,1265,$250,$20.,"$25,300.",1265,"$24,035.","$12,650.","$11,385.",1/11/13,11,November,2013
Government,Germany,VTT,Medium,2297,$250,$20.,"$45,940.",2297,"$43,643.","$22,970.","$20,673.",1/11/13,11,November,2013
Government,USA,VTT,Medium,2663,$250,$20.,"$53,260.",2663,"$50,597.","$26,630.","$23,967.",1/12/14,12,December,2014
Government,USA,Carretera,Medium,1117.5,$3,$20.,"$22,350.",1341,"$21,009.","$11,175.","$9,834.",1/1/14,1,January,2014
Government,Mexico,VTT,Medium,1123,$250,$20.,"$22,460.",1347.6,"$21,112.4","$11,230.","$9,882.4",1/11/13,11,November,2013
Government,France,Montana,Medium,1757,$5,$20.,"$35,140.",2108.4,"$33,031.6","$17,570.","$15,461.6",1/10/13,10,October,2013
Government,France,Paseo,Medium,1757,$10,$20.,"$35,140.",2108.4,"$33,031.6","$17,570.","$15,461.6",1/10/13,10,October,2013
Government,Germany,Velo,Medium,1001,$120,$20.,"$20,020.",1201.2,"$18,818.8","$10,010.","$8,808.8",1/8/14,8,August,2014
Government,Mexico,Carretera,Medium,1834,$3,$20.,"$36,680.",2567.6,"$34,112.4","$18,340.","$15,772.4",1/9/13,9,September,2013
Government,France,Montana,Medium,1976,$5,$20.,"$39,520.",2766.4,"$36,753.6","$19,760.","$16,993.6",1/10/14,10,October,2014
Government,France,Paseo,Medium,1535,$10,$20.,"$30,700.",2149,"$28,551.","$15,350.","$13,201.",1/9/14,9,September,2014
Government,Mexico,Velo,Medium,609,$120,$20.,"$12,180.",852.6,"$11,327.4","$6,090.","$5,237.4",1/8/14,8,August,2014
Government,France,Velo,Medium,1976,$120,$20.,"$39,520.",2766.4,"$36,753.6","$19,760.","$16,993.6",1/10/14,10,October,2014
Government,USA,Velo,Medium,1421,$120,$20.,"$28,420.",1989.4,"$26,430.6","$14,210.","$12,220.6",1/12/13,12,December,2013
Government,Germany,Velo,Medium,588,$120,$20.,"$11,760.",823.2,"$10,936.8","$5,880.","$5,056.8",1/12/13,12,December,2013
Government,Canada,Amarilla,Medium,1118,$260,$20.,"$22,360.",1565.2,"$20,794.8","$11,180.","$9,614.8",1/11/14,11,November,2014
Government,USA,Montana,Medium,1282,$5,$20.,"$25,640.",2051.2,"$23,588.8","$12,820.","$10,768.8",1/6/14,6,June,2014
Government,USA,Amarilla,Medium,1282,$260,$20.,"$25,640.",2051.2,"$23,588.8","$12,820.","$10,768.8",1/6/14,6,June,2014
Government,Canada,Montana,Medium,708,$5,$20.,"$14,160.",1132.8,"$13,027.2","$7,080.","$5,947.2",1/6/14,6,June,2014
Government,Germany,Montana,Medium,645,$5,$20.,"$12,900.",1032,"$11,868.","$6,450.","$5,418.",1/7/14,7,July,2014
Government,Germany,Paseo,Medium,1366,$10,$20.,"$27,320.",2185.6,"$25,134.4","$13,660.","$11,474.4",1/6/14,6,June,2014
Government,Germany,Paseo,Medium,1934,$10,$20.,"$38,680.",3094.4,"$35,585.6","$19,340.","$16,245.6",1/9/14,9,September,2014
Government,Mexico,Paseo,Medium,2993,$10,$20.,"$59,860.",4788.8,"$55,071.2","$29,930.","$25,141.2",1/9/14,9,September,2014
Government,Canada,Amarilla,Medium,708,$260,$20.,"$14,160.",1132.8,"$13,027.2","$7,080.","$5,947.2",1/6/14,6,June,2014
Government,Germany,Amarilla,Medium,1366,$260,$20.,"$27,320.",2185.6,"$25,134.4","$13,660.","$11,474.4",1/6/14,6,June,2014
Government,Germany,Amarilla,Medium,1520,$260,$20.,"$30,400.",2432,"$27,968.","$15,200.","$12,768.",1/11/14,11,November,2014
Government,USA,VTT,Medium,436.5,$250,$20.,"$8,730.",698.4,"$8,031.6","$4,365.","$3,666.6",1/7/14,7,July,2014
Government,Mexico,Amarilla,Medium,1694,$260,$20.,"$33,880.",3049.2,"$30,830.8","$16,940.","$13,890.8",1/11/14,11,November,2014
Government,Germany,Carretera,Medium,663,$3,$20.,"$13,260.",1193.4,"$12,066.6","$6,630.","$5,436.6",1/5/14,5,May,2014
Government,USA,Paseo,Medium,973,$10,$20.,"$19,460.",1751.4,"$17,708.6","$9,730.","$7,978.6",1/3/14,3,March,2014
Government,Mexico,Paseo,Medium,1038,$10,$20.,"$20,760.",1868.4,"$18,891.6","$10,380.","$8,511.6",1/6/14,6,June,2014
Government,France,VTT,Medium,2682,$250,$20.,"$53,640.",4827.6,"$48,812.4","$26,820.","$21,992.4",1/11/13,11,November,2013
Government,Mexico,Amarilla,Medium,1038,$260,$20.,"$20,760.",1868.4,"$18,891.6","$10,380.","$8,511.6",1/6/14,6,June,2014
Government,France,Paseo,High,1954,$10,$20.,"$39,080.",3908,"$35,172.","$19,540.","$15,632.",1/3/14,3,March,2014
Government,Germany,Paseo,High,241,$10,$20.,"$4,820.",482,"$4,338.","$2,410.","$1,928.",1/10/14,10,October,2014
Government,Germany,Velo,High,241,$120,$20.,"$4,820.",482,"$4,338.","$2,410.","$1,928.",1/10/14,10,October,2014
Government,Mexico,Amarilla,High,2039,$260,$20.,"$40,780.",4078,"$36,702.","$20,390.","$16,312.",1/5/14,5,May,2014
Government,Germany,Montana,High,2992,$5,$20.,"$59,840.",6582.4,"$53,257.6","$29,920.","$23,337.6",1/10/13,10,October,2013
Government,Mexico,Paseo,High,1122,$10,$20.,"$22,440.",2468.4,"$19,971.6","$11,220.","$8,751.6",1/3/14,3,March,2014
Government,Canada,Paseo,High,2394,$10,$20.,"$47,880.",5266.8,"$42,613.2","$23,940.","$18,673.2",1/8/14,8,August,2014
Government,Germany,Paseo,High,2992,$10,$20.,"$59,840.",6582.4,"$53,257.6","$29,920.","$23,337.6",1/10/13,10,October,2013
Government,France,Velo,High,2805,$120,$20.,"$56,100.",6171,"$49,929.","$28,050.","$21,879.",1/9/13,9,September,2013
Government,Canada,VTT,High,2935,$250,$20.,"$58,700.",6457,"$52,243.","$29,350.","$22,893.",1/11/13,11,November,2013
Government,Mexico,Amarilla,High,2629,$260,$20.,"$52,580.",5783.8,"$46,796.2","$26,290.","$20,506.2",1/1/14,1,January,2014
Government,Mexico,Montana,High,1715,$5,$20.,"$34,300.",4116,"$30,184.","$17,150.","$13,034.",1/10/13,10,October,2013
Government,Mexico,Paseo,High,905,$10,$20.,"$18,100.",2172,"$15,928.","$9,050.","$6,878.",1/10/14,10,October,2014
Government,Mexico,Paseo,High,1715,$10,$20.,"$34,300.",4116,"$30,184.","$17,150.","$13,034.",1/10/13,10,October,2013
Government,Mexico,Paseo,High,1233,$10,$20.,"$24,660.",2959.2,"$21,700.8","$12,330.","$9,370.8",1/12/14,12,December,2014
Government,Mexico,Velo,High,905,$120,$20.,"$18,100.",2172,"$15,928.","$9,050.","$6,878.",1/10/14,10,October,2014
Government,Mexico,VTT,High,1233,$250,$20.,"$24,660.",2959.2,"$21,700.8","$12,330.","$9,370.8",1/12/14,12,December,2014
Government,France,Carretera,High,2521.5,$3,$20.,"$50,430.",6051.6,"$44,378.4","$25,215.","$19,163.4",1/1/14,1,January,2014
Government,Germany,Paseo,High,1531,$10,$20.,"$30,620.",3674.4,"$26,945.6","$15,310.","$11,635.6",1/12/14,12,December,2014
Government,Germany,VTT,High,1531,$250,$20.,"$30,620.",3674.4,"$26,945.6","$15,310.","$11,635.6",1/12/14,12,December,2014
Government,Germany,Carretera,High,442,$3,$20.,"$8,840.",1149.2,"$7,690.8","$4,420.","$3,270.8",1/9/13,9,September,2013
Government,Mexico,Montana,High,2255,$5,$20.,"$45,100.",5863,"$39,237.","$22,550.","$16,687.",1/7/14,7,July,2014
Government,Canada,Montana,High,1249,$5,$20.,"$24,980.",3247.4,"$21,732.6","$12,490.","$9,242.6",1/10/14,10,October,2014
Government,USA,Paseo,High,2641,$10,$20.,"$52,820.",6866.6,"$45,953.4","$26,410.","$19,543.4",1/2/14,2,February,2014
Government,Germany,Paseo,High,2708,$10,$20.,"$54,160.",7040.8,"$47,119.2","$27,080.","$20,039.2",1/2/14,2,February,2014
Government,Canada,Paseo,High,1249,$10,$20.,"$24,980.",3247.4,"$21,732.6","$12,490.","$9,242.6",1/10/14,10,October,2014
Government,Mexico,Carretera,High,2579,$3,$20.,"$51,580.",7221.2,"$44,358.8","$25,790.","$18,568.8",1/4/14,4,April,2014
Government,USA,Carretera,High,1743,$3,$20.,"$34,860.",4880.4,"$29,979.6","$17,430.","$12,549.6",1/5/14,5,May,2014
Government,Canada,Paseo,High,2428,$10,$20.,"$48,560.",6798.4,"$41,761.6","$24,280.","$17,481.6",1/3/14,3,March,2014
Government,Mexico,Paseo,High,260,$10,$20.,"$5,200.",728,"$4,472.","$2,600.","$1,872.",1/2/14,2,February,2014
Government,USA,Velo,High,606,$120,$20.,"$12,120.",1696.8,"$10,423.2","$6,060.","$4,363.2",1/4/14,4,April,2014
Government,Germany,Paseo,High,1158,$10,$20.,"$23,160.",3474,"$19,686.","$11,580.","$8,106.",1/3/14,3,March,2014
Government,USA,Paseo,High,267,$10,$20.,"$5,340.",801,"$4,539.","$2,670.","$1,869.",1/10/13,10,October,2013
Government,France,Paseo,High,293,$10,$20.,"$5,860.",879,"$4,981.","$2,930.","$2,051.",1/12/14,12,December,2014
Government,Canada,VTT,High,865.5,$250,$20.,"$17,310.",2596.5,"$14,713.5","$8,655.","$6,058.5",1/7/14,7,July,2014
Government,USA,VTT,High,267,$250,$20.,"$5,340.",801,"$4,539.","$2,670.","$1,869.",1/10/13,10,October,2013
Government,France,VTT,High,293,$250,$20.,"$5,860.",879,"$4,981.","$2,930.","$2,051.",1/12/14,12,December,2014
Government,Germany,Montana,None,2146,$5,$7.,"$15,022.",0,"$15,022.","$10,730.","$4,292.",1/9/14,9,September,2014
Government,Mexico,Paseo,None,883,$10,$7.,"$6,181.",0,"$6,181.","$4,415.","$1,766.",1/8/14,8,August,2014
Government,USA,Paseo,None,1143,$10,$7.,"$8,001.",0,"$8,001.","$5,715.","$2,286.",1/10/14,10,October,2014
Government,Mexico,Velo,None,1493,$120,$7.,"$10,451.",0,"$10,451.","$7,465.","$2,986.",1/1/14,1,January,2014
Government,Germany,Amarilla,None,1686,$260,$7.,"$11,802.",0,"$11,802.","$8,430.","$3,372.",1/7/14,7,July,2014
Government,USA,Amarilla,None,1143,$260,$7.,"$8,001.",0,"$8,001.","$5,715.","$2,286.",1/10/14,10,October,2014
Government,France,Paseo,Low,3945,$10,$7.,"$27,615.",276.15,"$27,338.85","$19,725.","$7,613.85",1/1/14,1,January,2014
Government,France,Paseo,Low,1030,$10,$7.,"$7,210.",72.1,"$7,137.9","$5,150.","$1,987.9",1/5/14,5,May,2014
Government,France,Velo,Low,639,$120,$7.,"$4,473.",44.73,"$4,428.27","$3,195.","$1,233.27",1/11/14,11,November,2014
Government,Canada,VTT,Low,1326,$250,$7.,"$9,282.",92.82,"$9,189.18","$6,630.","$2,559.18",1/3/14,3,March,2014
Government,USA,Carretera,Low,2529,$3,$7.,"$17,703.",177.03,"$17,525.97","$12,645.","$4,880.97",1/7/14,7,July,2014
Government,Canada,Montana,Low,1830,$5,$7.,"$12,810.",128.1,"$12,681.9","$9,150.","$3,531.9",1/8/14,8,August,2014
Government,USA,Paseo,Low,4492.5,$10,$7.,"$31,447.5",314.475,"$31,133.025","$22,462.5","$8,670.525",1/4/14,4,April,2014
Government,Mexico,Velo,Low,362,$120,$7.,"$2,534.",25.34,"$2,508.66","$1,810.",$698.66,1/5/14,5,May,2014
Government,Canada,Velo,Low,2092,$120,$7.,"$14,644.",146.44,"$14,497.56","$10,460.","$4,037.56",1/11/13,11,November,2013
Government,Germany,VTT,Low,263,$250,$7.,"$1,841.",18.41,"$1,822.59","$1,315.",$507.59,1/3/14,3,March,2014
Government,France,Carretera,Low,2145,$3,$7.,"$15,015.",300.3,"$14,714.7","$10,725.","$3,989.7",1/11/13,11,November,2013
Government,USA,Paseo,Low,2013,$10,$7.,"$14,091.",281.82,"$13,809.18","$10,065.","$3,744.18",1/12/13,12,December,2013
Government,Germany,Montana,Low,1958,$5,$7.,"$13,706.",411.18,"$13,294.82","$9,790.","$3,504.82",1/2/14,2,February,2014
Government,France,Montana,Low,544,$5,$7.,"$3,808.",114.24,"$3,693.76","$2,720.",$973.76,1/9/14,9,September,2014
Government,Mexico,Paseo,Low,1760,$10,$7.,"$12,320.",369.6,"$11,950.4","$8,800.","$3,150.4",1/9/13,9,September,2013
Government,Canada,Carretera,Low,2851,$3,$7.,"$19,957.",798.28,"$19,158.72","$14,255.","$4,903.72",1/10/13,10,October,2013
Government,Canada,Montana,Low,2851,$5,$7.,"$19,957.",798.28,"$19,158.72","$14,255.","$4,903.72",1/10/13,10,October,2013
Government,Canada,Paseo,Low,4251,$10,$7.,"$29,757.",1190.28,"$28,566.72","$21,255.","$7,311.72",1/1/14,1,January,2014
Government,Germany,Montana,Medium,1159,$5,$7.,"$8,113.",405.65,"$7,707.35","$5,795.","$1,912.35",1/10/13,10,October,2013
Government,Germany,Paseo,Medium,1372,$10,$7.,"$9,604.",480.2,"$9,123.8","$6,860.","$2,263.8",1/1/14,1,January,2014
Government,Canada,Paseo,Medium,2349,$10,$7.,"$16,443.",822.15,"$15,620.85","$11,745.","$3,875.85",1/9/13,9,September,2013
Government,Mexico,Paseo,Medium,2689,$10,$7.,"$18,823.",941.15,"$17,881.85","$13,445.","$4,436.85",1/10/14,10,October,2014
Government,Mexico,VTT,Medium,2689,$250,$7.,"$18,823.",941.15,"$17,881.85","$13,445.","$4,436.85",1/10/14,10,October,2014
Government,Mexico,Amarilla,Medium,1683,$260,$7.,"$11,781.",589.05,"$11,191.95","$8,415.","$2,776.95",1/7/14,7,July,2014
Government,Germany,Amarilla,Medium,1159,$260,$7.,"$8,113.",405.65,"$7,707.35","$5,795.","$1,912.35",1/10/13,10,October,2013
Government,Germany,Carretera,Medium,1016,$3,$7.,"$7,112.",355.6,"$6,756.4","$5,080.","$1,676.4",1/11/13,11,November,2013
Government,USA,Carretera,Medium,570,$3,$7.,"$3,990.",199.5,"$3,790.5","$2,850.",$940.5,1/12/14,12,December,2014
Government,France,Carretera,Medium,2487,$3,$7.,"$17,409.",870.45,"$16,538.55","$12,435.","$4,103.55",1/12/14,12,December,2014
Government,USA,Paseo,Medium,2327,$10,$7.,"$16,289.",814.45,"$15,474.55","$11,635.","$3,839.55",1/5/14,5,May,2014
Government,France,Paseo,Medium,2136,$10,$7.,"$14,952.",747.6,"$14,204.4","$10,680.","$3,524.4",1/12/13,12,December,2013
Government,USA,VTT,Medium,570,$250,$7.,"$3,990.",199.5,"$3,790.5","$2,850.",$940.5,1/12/14,12,December,2014
Government,France,VTT,Medium,2487,$250,$7.,"$17,409.",870.45,"$16,538.55","$12,435.","$4,103.55",1/12/14,12,December,2014
Government,USA,Carretera,Medium,263,$3,$7.,"$1,841.",110.46,"$1,730.54","$1,315.",$415.54,1/11/13,11,November,2013
Government,France,Montana,Medium,1403,$5,$7.,"$9,821.",589.26,"$9,231.74","$7,015.","$2,216.74",1/10/13,10,October,2013
Government,Mexico,Velo,Medium,1498,$120,$7.,"$10,486.",629.16,"$9,856.84","$7,490.","$2,366.84",1/6/14,6,June,2014
Government,Mexico,VTT,Medium,1498,$250,$7.,"$10,486.",629.16,"$9,856.84","$7,490.","$2,366.84",1/6/14,6,June,2014
Government,France,Amarilla,Medium,1403,$260,$7.,"$9,821.",589.26,"$9,231.74","$7,015.","$2,216.74",1/10/13,10,October,2013
Government,Mexico,Velo,Medium,1333,$120,$7.,"$9,331.",559.86,"$8,771.14","$6,665.","$2,106.14",1/11/14,11,November,2014
Government,France,Paseo,Medium,1031,$10,$7.,"$7,217.",505.19,"$6,711.81","$5,155.","$1,556.81",1/9/13,9,September,2013
Government,Canada,Velo,Medium,1135,$120,$7.,"$7,945.",556.15,"$7,388.85","$5,675.","$1,713.85",1/6/14,6,June,2014
Government,USA,Velo,Medium,547,$120,$7.,"$3,829.",268.03,"$3,560.97","$2,735.",$825.97,1/11/14,11,November,2014
Government,Canada,Velo,Medium,1582,$120,$7.,"$11,074.",775.18,"$10,298.82","$7,910.","$2,388.82",1/12/14,12,December,2014
Government,Canada,VTT,Medium,1582,$250,$7.,"$11,074.",775.18,"$10,298.82","$7,910.","$2,388.82",1/12/14,12,December,2014
Government,Canada,Amarilla,Medium,1135,$260,$7.,"$7,945.",556.15,"$7,388.85","$5,675.","$1,713.85",1/6/14,6,June,2014
Government,Germany,Paseo,Medium,2125,$10,$7.,"$14,875.",1041.25,"$13,833.75","$10,625.","$3,208.75",1/12/13,12,December,2013
Government,Canada,Montana,Medium,488,$5,$7.,"$3,416.",273.28,"$3,142.72","$2,440.",$702.72,1/2/14,2,February,2014
Government,Canada,Paseo,Medium,257,$10,$7.,"$1,799.",143.92,"$1,655.08","$1,285.",$370.08,1/5/14,5,May,2014
Government,Germany,Paseo,Medium,1259,$10,$7.,"$8,813.",705.04,"$8,107.96","$6,295.","$1,812.96",1/4/14,4,April,2014
Government,Germany,Paseo,Medium,1095,$10,$7.,"$7,665.",613.2,"$7,051.8","$5,475.","$1,576.8",1/5/14,5,May,2014
Government,USA,Paseo,Medium,678,$10,$7.,"$4,746.",379.68,"$4,366.32","$3,390.",$976.32,1/8/14,8,August,2014
Government,Germany,Paseo,Medium,1598,$10,$7.,"$11,186.",894.88,"$10,291.12","$7,990.","$2,301.12",1/8/14,8,August,2014
Government,Germany,Paseo,Medium,2409,$10,$7.,"$16,863.",1349.04,"$15,513.96","$12,045.","$3,468.96",1/9/13,9,September,2013
Government,Mexico,Paseo,Medium,1946,$10,$7.,"$13,622.",1089.76,"$12,532.24","$9,730.","$2,802.24",1/12/13,12,December,2013
Government,USA,Velo,Medium,2907,$120,$7.,"$20,349.",1627.92,"$18,721.08","$14,535.","$4,186.08",1/6/14,6,June,2014
Government,Germany,Velo,Medium,2338,$120,$7.,"$16,366.",1309.28,"$15,056.72","$11,690.","$3,366.72",1/6/14,6,June,2014
Government,Germany,VTT,Medium,2338,$250,$7.,"$16,366.",1309.28,"$15,056.72","$11,690.","$3,366.72",1/6/14,6,June,2014
Government,USA,Amarilla,Medium,2907,$260,$7.,"$20,349.",1627.92,"$18,721.08","$14,535.","$4,186.08",1/6/14,6,June,2014
Government,Canada,Montana,Medium,1611,$5,$7.,"$11,277.",1014.93,"$10,262.07","$8,055.","$2,207.07",1/12/13,12,December,2013
Government,Canada,Carretera,Medium,819,$3,$7.,"$5,733.",515.97,"$5,217.03","$4,095.","$1,122.03",1/7/14,7,July,2014
Government,Mexico,Carretera,Medium,521,$3,$7.,"$3,647.",328.23,"$3,318.77","$2,605.",$713.77,1/12/14,12,December,2014
Government,Germany,Paseo,Medium,360,$10,$7.,"$2,520.",226.8,"$2,293.2","$1,800.",$493.2,1/10/14,10,October,2014
Government,Germany,VTT,Medium,360,$250,$7.,"$2,520.",226.8,"$2,293.2","$1,800.",$493.2,1/10/14,10,October,2014
Government,Mexico,VTT,Medium,521,$250,$7.,"$3,647.",328.23,"$3,318.77","$2,605.",$713.77,1/12/14,12,December,2014
Government,USA,Montana,High,2328,$5,$7.,"$16,296.",1629.6,"$14,666.4","$11,640.","$3,026.4",1/9/14,9,September,2014
Government,Germany,Velo,High,2665,$120,$7.,"$18,655.",1865.5,"$16,789.5","$13,325.","$3,464.5",1/11/14,11,November,2014
Government,France,Paseo,High,2532,$10,$7.,"$17,724.",1949.64,"$15,774.36","$12,660.","$3,114.36",1/4/14,4,April,2014
Government,USA,VTT,High,1579,$250,$7.,"$11,053.",1215.83,"$9,837.17","$7,895.","$1,942.17",1/3/14,3,March,2014
Government,Mexico,Carretera,High,2706,$3,$7.,"$18,942.",2083.62,"$16,858.38","$13,530.","$3,328.38",1/11/13,11,November,2013
Government,Canada,Velo,High,1808,$120,$7.,"$12,656.",1392.16,"$11,263.84","$9,040.","$2,223.84",1/11/14,11,November,2014
Government,USA,Paseo,High,380,$10,$7.,"$2,660.",292.6,"$2,367.4","$1,900.",$467.4,1/9/13,9,September,2013
Government,Mexico,Montana,High,2420,$5,$7.,"$16,940.",2032.8,"$14,907.2","$12,100.","$2,807.2",1/9/14,9,September,2014
Government,Canada,Montana,High,2734,$5,$7.,"$19,138.",2296.56,"$16,841.44","$13,670.","$3,171.44",1/10/14,10,October,2014
Government,France,Amarilla,High,3421.5,$260,$7.,"$23,950.5",2874.06,"$21,076.44","$17,107.5","$3,968.94",1/7/14,7,July,2014
Government,Canada,Amarilla,High,2734,$260,$7.,"$19,138.",2296.56,"$16,841.44","$13,670.","$3,171.44",1/10/14,10,October,2014
Government,France,VTT,High,1491,$250,$7.,"$10,437.",1252.44,"$9,184.56","$7,455.","$1,729.56",1/3/14,3,March,2014
Government,USA,Montana,High,1298,$5,$7.,"$9,086.",1181.18,"$7,904.82","$6,490.","$1,414.82",1/2/14,2,February,2014
Government,USA,Paseo,High,1438.5,$10,$7.,"$10,069.5",1309.035,"$8,760.465","$7,192.5","$1,567.965",1/1/14,1,January,2014
Government,France,Paseo,High,2696,$10,$7.,"$18,872.",2453.36,"$16,418.64","$13,480.","$2,938.64",1/8/14,8,August,2014
Government,France,Velo,High,1190,$120,$7.,"$8,330.",1082.9,"$7,247.1","$5,950.","$1,297.1",1/6/14,6,June,2014
Government,France,Amarilla,High,1190,$260,$7.,"$8,330.",1082.9,"$7,247.1","$5,950.","$1,297.1",1/6/14,6,June,2014
Government,USA,Carretera,High,2996,$3,$7.,"$20,972.",2936.08,"$18,035.92","$14,980.","$3,055.92",1/10/13,10,October,2013
Government,Germany,Carretera,High,280,$3,$7.,"$1,960.",274.4,"$1,685.6","$1,400.",$285.6,1/12/14,12,December,2014
Government,France,Montana,High,293,$5,$7.,"$2,051.",287.14,"$1,763.86","$1,465.",$298.86,1/2/14,2,February,2014
Government,USA,Montana,High,2996,$5,$7.,"$20,972.",2936.08,"$18,035.92","$14,980.","$3,055.92",1/10/13,10,October,2013
Government,Germany,VTT,High,280,$250,$7.,"$1,960.",274.4,"$1,685.6","$1,400.",$285.6,1/12/14,12,December,2014
Government,Canada,Montana,High,388,$5,$7.,"$2,716.",380.24,"$2,335.76","$1,940.",$395.76,1/9/14,9,September,2014
Government,Mexico,Montana,High,1727,$5,$7.,"$12,089.",1692.46,"$10,396.54","$8,635.","$1,761.54",1/10/13,10,October,2013
Government,France,Paseo,High,1731,$10,$7.,"$12,117.",1696.38,"$10,420.62","$8,655.","$1,765.62",1/10/14,10,October,2014
Government,Mexico,VTT,High,2903,$250,$7.,"$20,321.",2844.94,"$17,476.06","$14,515.","$2,961.06",1/3/14,3,March,2014
Government,France,Amarilla,High,1731,$260,$7.,"$12,117.",1696.38,"$10,420.62","$8,655.","$1,765.62",1/10/14,10,October,2014
Government,Mexico,Amarilla,High,1727,$260,$7.,"$12,089.",1692.46,"$10,396.54","$8,635.","$1,761.54",1/10/13,10,October,2013
Government,Mexico,Paseo,High,2535,$10,$7.,"$17,745.",2661.75,"$15,083.25","$12,675.","$2,408.25",1/4/14,4,April,2014
Government,Mexico,Montana,High,1368,$5,$7.,"$9,576.",1436.4,"$8,139.6","$6,840.","$1,299.6",1/2/14,2,February,2014
Government,Canada,Paseo,High,723,$10,$7.,"$5,061.",759.15,"$4,301.85","$3,615.",$686.85,1/4/14,4,April,2014
Midmarket,France,Carretera,None,2178,$3,$15.,"$32,670.",0,"$32,670.","$21,780.","$10,890.",1/6/14,6,June,2014
Midmarket,Germany,Carretera,None,888,$3,$15.,"$13,320.",0,"$13,320.","$8,880.","$4,440.",1/6/14,6,June,2014
Midmarket,Mexico,Carretera,None,2470,$3,$15.,"$37,050.",0,"$37,050.","$24,700.","$12,350.",1/6/14,6,June,2014
Midmarket,Germany,Montana,None,921,$5,$15.,"$13,815.",0,"$13,815.","$9,210.","$4,605.",1/3/14,3,March,2014
Channel Partners,Canada,Montana,None,2518,$5,$12.,"$30,216.",0,"$30,216.","$7,554.","$22,662.",1/6/14,6,June,2014
Channel Partners,Germany,Montana,None,1545,$5,$12.,"$18,540.",0,"$18,540.","$4,635.","$13,905.",1/6/14,6,June,2014
Midmarket,Mexico,Montana,None,2470,$5,$15.,"$37,050.",0,"$37,050.","$24,700.","$12,350.",1/6/14,6,June,2014
Enterprise,Canada,Montana,None,2665.5,$5,$125.,"$333,187.5",0,"$333,187.5","$319,860.","$13,327.5",1/7/14,7,July,2014
Small Business,Mexico,Montana,None,958,$5,$300.,"$287,400.",0,"$287,400.","$239,500.","$47,900.",1/8/14,8,August,2014
Enterprise,Canada,Montana,None,345,$5,$125.,"$43,125.",0,"$43,125.","$41,400.","$1,725.",1/10/13,10,October,2013
Midmarket,USA,Montana,None,615,$5,$15.,"$9,225.",0,"$9,225.","$6,150.","$3,075.",1/12/14,12,December,2014
Enterprise,France,Velo,None,1804,$120,$125.,"$225,500.",0,"$225,500.","$216,480.","$9,020.",1/2/14,2,February,2014
Channel Partners,Germany,Velo,None,2161,$120,$12.,"$25,932.",0,"$25,932.","$6,483.","$19,449.",1/3/14,3,March,2014
Channel Partners,Germany,Velo,None,1545,$120,$12.,"$18,540.",0,"$18,540.","$4,635.","$13,905.",1/6/14,6,June,2014
Enterprise,USA,Velo,None,2821,$120,$125.,"$352,625.",0,"$352,625.","$338,520.","$14,105.",1/8/14,8,August,2014
Enterprise,Canada,Velo,None,345,$120,$125.,"$43,125.",0,"$43,125.","$41,400.","$1,725.",1/10/13,10,October,2013
Small Business,Canada,VTT,None,2001,$250,$300.,"$600,300.",0,"$600,300.","$500,250.","$100,050.",1/2/14,2,February,2014
Channel Partners,Germany,VTT,None,2838,$250,$12.,"$34,056.",0,"$34,056.","$8,514.","$25,542.",1/4/14,4,April,2014
Midmarket,France,VTT,None,2178,$250,$15.,"$32,670.",0,"$32,670.","$21,780.","$10,890.",1/6/14,6,June,2014
Midmarket,Germany,VTT,None,888,$250,$15.,"$13,320.",0,"$13,320.","$8,880.","$4,440.",1/6/14,6,June,2014
Small Business,France,VTT,None,2151,$250,$300.,"$645,300.",0,"$645,300.","$537,750.","$107,550.",1/9/14,9,September,2014
Channel Partners,USA,Amarilla,None,1953,$260,$12.,"$23,436.",0,"$23,436.","$5,859.","$17,577.",1/4/14,4,April,2014
Enterprise,Germany,Amarilla,None,4219.5,$260,$125.,"$527,437.5",0,"$527,437.5","$506,340.","$21,097.5",1/4/14,4,April,2014
Channel Partners,USA,Amarilla,None,2141,$260,$12.,"$25,692.",0,"$25,692.","$6,423.","$19,269.",1/8/14,8,August,2014
Midmarket,USA,Amarilla,None,615,$260,$15.,"$9,225.",0,"$9,225.","$6,150.","$3,075.",1/12/14,12,December,2014
Channel Partners,USA,Carretera,Low,1858,$3,$12.,"$22,296.",222.96,"$22,073.04","$5,574.","$16,499.04",1/2/14,2,February,2014
Channel Partners,Canada,Carretera,Low,1445,$3,$12.,"$17,340.",173.4,"$17,166.6","$4,335.","$12,831.6",1/9/14,9,September,2014
Enterprise,USA,Carretera,Low,330,$3,$125.,"$41,250.",412.5,"$40,837.5","$39,600.","$1,237.5",1/9/13,9,September,2013
Channel Partners,France,Carretera,Low,2671,$3,$12.,"$32,052.",320.52,"$31,731.48","$8,013.","$23,718.48",1/9/14,9,September,2014
Channel Partners,Germany,Carretera,Low,766,$3,$12.,"$9,192.",91.92,"$9,100.08","$2,298.","$6,802.08",1/10/13,10,October,2013
Small Business,Mexico,Carretera,Low,494,$3,$300.,"$148,200.",1482,"$146,718.","$123,500.","$23,218.",1/10/13,10,October,2013
Midmarket,Mexico,Montana,Low,2214,$5,$15.,"$33,210.",332.1,"$32,877.9","$22,140.","$10,737.9",1/3/14,3,March,2014
Small Business,USA,Montana,Low,2301,$5,$300.,"$690,300.",6903,"$683,397.","$575,250.","$108,147.",1/4/14,4,April,2014
Small Business,USA,Montana,Low,2498,$5,$300.,"$749,400.",7494,"$741,906.","$624,500.","$117,406.",1/9/13,9,September,2013
Enterprise,USA,Montana,Low,663,$5,$125.,"$82,875.",828.75,"$82,046.25","$79,560.","$2,486.25",1/10/13,10,October,2013
Enterprise,Canada,Velo,Low,923,$120,$125.,"$115,375.",1153.75,"$114,221.25","$110,760.","$3,461.25",1/8/14,8,August,2014
Enterprise,USA,Velo,Low,663,$120,$125.,"$82,875.",828.75,"$82,046.25","$79,560.","$2,486.25",1/10/13,10,October,2013
Enterprise,USA,VTT,Low,727,$250,$125.,"$90,875.",908.75,"$89,966.25","$87,240.","$2,726.25",1/6/14,6,June,2014
Enterprise,France,VTT,Low,787,$250,$125.,"$98,375.",983.75,"$97,391.25","$94,440.","$2,951.25",1/6/14,6,June,2014
Small Business,Germany,VTT,Low,986,$250,$300.,"$295,800.",2958,"$292,842.","$246,500.","$46,342.",1/9/14,9,September,2014
Small Business,Mexico,VTT,Low,494,$250,$300.,"$148,200.",1482,"$146,718.","$123,500.","$23,218.",1/10/13,10,October,2013
Enterprise,France,VTT,Low,1744,$250,$125.,"$218,000.",2180,"$215,820.","$209,280.","$6,540.",1/11/14,11,November,2014
Channel Partners,USA,Amarilla,Low,1989,$260,$12.,"$23,868.",238.68,"$23,629.32","$5,967.","$17,662.32",1/9/13,9,September,2013
Midmarket,France,Amarilla,Low,321,$260,$15.,"$4,815.",48.15,"$4,766.85","$3,210.","$1,556.85",1/11/13,11,November,2013
Enterprise,Canada,Carretera,Low,742.5,$3,$125.,"$92,812.5",1856.25,"$90,956.25","$89,100.","$1,856.25",1/4/14,4,April,2014
Channel Partners,Canada,Carretera,Low,1295,$3,$12.,"$15,540.",310.8,"$15,229.2","$3,885.","$11,344.2",1/10/14,10,October,2014
Small Business,Germany,Carretera,Low,214,$3,$300.,"$64,200.",1284,"$62,916.","$53,500.","$9,416.",1/10/13,10,October,2013
Channel Partners,USA,Montana,Low,1142,$5,$12.,"$13,704.",274.08,"$13,429.92","$3,426.","$10,003.92",1/6/14,6,June,2014
Channel Partners,Mexico,Montana,Low,690,$5,$12.,"$8,280.",165.6,"$8,114.4","$2,070.","$6,044.4",1/11/14,11,November,2014
Enterprise,Mexico,Montana,Low,1660,$5,$125.,"$207,500.",4150,"$203,350.","$199,200.","$4,150.",1/11/13,11,November,2013
Enterprise,Germany,Velo,Low,809,$120,$125.,"$101,125.",2022.5,"$99,102.5","$97,080.","$2,022.5",1/10/13,10,October,2013
Enterprise,Mexico,Velo,Low,2145,$120,$125.,"$268,125.",5362.5,"$262,762.5","$257,400.","$5,362.5",1/10/13,10,October,2013
Channel Partners,France,Velo,Low,1055,$120,$12.,"$12,660.",253.2,"$12,406.8","$3,165.","$9,241.8",1/12/14,12,December,2014
Channel Partners,Mexico,Velo,Low,1084,$120,$12.,"$13,008.",260.16,"$12,747.84","$3,252.","$9,495.84",1/12/14,12,December,2014
Enterprise,Mexico,VTT,Low,662,$250,$125.,"$82,750.",1655,"$81,095.","$79,440.","$1,655.",1/6/14,6,June,2014
Small Business,Germany,VTT,Low,214,$250,$300.,"$64,200.",1284,"$62,916.","$53,500.","$9,416.",1/10/13,10,October,2013
Enterprise,Canada,VTT,Low,2729,$250,$125.,"$341,125.",6822.5,"$334,302.5","$327,480.","$6,822.5",1/12/14,12,December,2014
Small Business,Germany,Amarilla,Low,259,$260,$300.,"$77,700.",1554,"$76,146.","$64,750.","$11,396.",1/3/14,3,March,2014
Small Business,Mexico,Amarilla,Low,1101,$260,$300.,"$330,300.",6606,"$323,694.","$275,250.","$48,444.",1/3/14,3,March,2014
Enterprise,Germany,Amarilla,Low,2276,$260,$125.,"$284,500.",5690,"$278,810.","$273,120.","$5,690.",1/5/14,5,May,2014
Small Business,Canada,Amarilla,Low,1916,$260,$300.,"$574,800.",11496,"$563,304.","$479,000.","$84,304.",1/12/14,12,December,2014
Enterprise,France,Carretera,Low,4243.5,$3,$125.,"$530,437.5",15913.125,"$514,524.375","$509,220.","$5,304.375",1/4/14,4,April,2014
Small Business,Germany,Carretera,Low,689,$3,$300.,"$206,700.",6201,"$200,499.","$172,250.","$28,249.",1/6/14,6,June,2014
Channel Partners,USA,Carretera,Low,1947,$3,$12.,"$23,364.",700.92,"$22,663.08","$5,841.","$16,822.08",1/9/14,9,September,2014
Channel Partners,Canada,Carretera,Low,908,$3,$12.,"$10,896.",326.88,"$10,569.12","$2,724.","$7,845.12",1/12/13,12,December,2013
Channel Partners,France,Montana,Low,1901,$5,$12.,"$22,812.",684.36,"$22,127.64","$5,703.","$16,424.64",1/6/14,6,June,2014
Enterprise,France,Montana,Low,1287,$5,$125.,"$160,875.",4826.25,"$156,048.75","$154,440.","$1,608.75",1/12/14,12,December,2014
Enterprise,Germany,Montana,Low,1706,$5,$125.,"$213,250.",6397.5,"$206,852.5","$204,720.","$2,132.5",1/12/14,12,December,2014
Enterprise,Canada,Velo,Low,2009,$120,$125.,"$251,125.",7533.75,"$243,591.25","$241,080.","$2,511.25",1/10/14,10,October,2014
Small Business,USA,VTT,Low,2844,$250,$300.,"$853,200.",25596,"$827,604.","$711,000.","$116,604.",1/2/14,2,February,2014
Channel Partners,Mexico,VTT,Low,1916,$250,$12.,"$22,992.",689.76,"$22,302.24","$5,748.","$16,554.24",1/4/14,4,April,2014
Enterprise,Germany,VTT,Low,1570,$250,$125.,"$196,250.",5887.5,"$190,362.5","$188,400.","$1,962.5",1/6/14,6,June,2014
Small Business,Canada,VTT,Low,1874,$250,$300.,"$562,200.",16866,"$545,334.","$468,500.","$76,834.",1/8/14,8,August,2014
Midmarket,Germany,VTT,Low,1945,$250,$15.,"$29,175.",875.25,"$28,299.75","$19,450.","$8,849.75",1/10/13,10,October,2013
Channel Partners,Germany,VTT,Low,2479,$250,$12.,"$29,748.",892.44,"$28,855.56","$7,437.","$21,418.56",1/1/14,1,January,2014
Midmarket,Mexico,Montana,Low,2031,$5,$15.,"$30,465.",1218.6,"$29,246.4","$20,310.","$8,936.4",1/10/14,10,October,2014
Small Business,Germany,Carretera,Low,2021,$3,$300.,"$606,300.",24252,"$582,048.","$505,250.","$76,798.",1/10/14,10,October,2014
Midmarket,Canada,Montana,Low,1967,$5,$15.,"$29,505.",1180.2,"$28,324.8","$19,670.","$8,654.8",1/3/14,3,March,2014
Small Business,Germany,Montana,Low,1859,$5,$300.,"$557,700.",22308,"$535,392.","$464,750.","$70,642.",1/8/14,8,August,2014
Small Business,Germany,Montana,Low,2021,$5,$300.,"$606,300.",24252,"$582,048.","$505,250.","$76,798.",1/10/14,10,October,2014
Enterprise,Mexico,Montana,Low,1138,$5,$125.,"$142,250.",5690,"$136,560.","$136,560.",$0.,1/12/14,12,December,2014
Channel Partners,USA,Velo,Low,1465,$120,$12.,"$17,580.",703.2,"$16,876.8","$4,395.","$12,481.8",1/3/14,3,March,2014
Channel Partners,France,VTT,Low,866,$250,$12.,"$10,392.",415.68,"$9,976.32","$2,598.","$7,378.32",1/5/14,5,May,2014
Midmarket,Mexico,VTT,Low,1514,$250,$15.,"$22,710.",908.4,"$21,801.6","$15,140.","$6,661.6",1/10/13,10,October,2013
Enterprise,Mexico,Amarilla,Low,1074,$260,$125.,"$134,250.",5370,"$128,880.","$128,880.",$0.,1/4/14,4,April,2014
Midmarket,USA,Amarilla,Low,671,$260,$15.,"$10,065.",402.6,"$9,662.4","$6,710.","$2,952.4",1/10/13,10,October,2013
Channel Partners,Canada,Velo,Medium,2431,$120,$12.,"$29,172.",1458.6,"$27,713.4","$7,293.","$20,420.4",1/12/14,12,December,2014
Channel Partners,Mexico,Amarilla,Medium,1123,$260,$12.,"$13,476.",673.8,"$12,802.2","$3,369.","$9,433.2",1/8/14,8,August,2014
Channel Partners,France,Carretera,Medium,1865,$3,$12.,"$22,380.",1119,"$21,261.","$5,595.","$15,666.",1/2/14,2,February,2014
Channel Partners,Germany,Carretera,Medium,1116,$3,$12.,"$13,392.",669.6,"$12,722.4","$3,348.","$9,374.4",1/2/14,2,February,2014
Small Business,USA,Carretera,Medium,991,$3,$300.,"$297,300.",14865,"$282,435.","$247,750.","$34,685.",1/6/14,6,June,2014
Midmarket,Mexico,Carretera,Medium,2791,$3,$15.,"$41,865.",2093.25,"$39,771.75","$27,910.","$11,861.75",1/11/14,11,November,2014
Enterprise,USA,Montana,Medium,3627,$5,$125.,"$453,375.",22668.75,"$430,706.25","$435,240.","($4,533.75)",1/7/14,7,July,2014
Channel Partners,Germany,Montana,Medium,2342,$5,$12.,"$28,104.",1405.2,"$26,698.8","$7,026.","$19,672.8",1/11/14,11,November,2014
Small Business,Mexico,Montana,Medium,1100,$5,$300.,"$330,000.",16500,"$313,500.","$275,000.","$38,500.",1/12/13,12,December,2013
Midmarket,USA,Velo,Medium,555,$120,$15.,"$8,325.",416.25,"$7,908.75","$5,550.","$2,358.75",1/1/14,1,January,2014
Midmarket,Mexico,Velo,Medium,2861,$120,$15.,"$42,915.",2145.75,"$40,769.25","$28,610.","$12,159.25",1/1/14,1,January,2014
Enterprise,Germany,Velo,Medium,807,$120,$125.,"$100,875.",5043.75,"$95,831.25","$96,840.","($1,008.75)",1/2/14,2,February,2014
Enterprise,USA,Velo,Medium,861,$120,$125.,"$107,625.",5381.25,"$102,243.75","$103,320.","($1,076.25)",1/10/14,10,October,2014
Enterprise,France,Velo,Medium,704,$120,$125.,"$88,000.",4400,"$83,600.","$84,480.",($880.),1/10/13,10,October,2013
Small Business,Germany,Velo,Medium,1250,$120,$300.,"$375,000.",18750,"$356,250.","$312,500.","$43,750.",1/12/14,12,December,2014
Small Business,Germany,Amarilla,Medium,1250,$260,$300.,"$375,000.",18750,"$356,250.","$312,500.","$43,750.",1/12/14,12,December,2014
Midmarket,Canada,Carretera,Medium,2844,$3,$15.,"$42,660.",2559.6,"$40,100.4","$28,440.","$11,660.4",1/6/14,6,June,2014
Channel Partners,Mexico,Carretera,Medium,562,$3,$12.,"$6,744.",404.64,"$6,339.36","$1,686.","$4,653.36",1/9/14,9,September,2014
Channel Partners,Canada,Carretera,Medium,2299,$3,$12.,"$27,588.",1655.28,"$25,932.72","$6,897.","$19,035.72",1/10/13,10,October,2013
Midmarket,USA,Carretera,Medium,2030,$3,$15.,"$30,450.",1827,"$28,623.","$20,300.","$8,323.",1/11/14,11,November,2014
Enterprise,Germany,Carretera,Medium,887,$3,$125.,"$110,875.",6652.5,"$104,222.5","$106,440.","($2,217.5)",1/12/13,12,December,2013
Channel Partners,USA,Montana,Medium,2723,$5,$12.,"$32,676.",1960.56,"$30,715.44","$8,169.","$22,546.44",1/11/14,11,November,2014
Enterprise,Canada,Velo,Medium,952,$120,$125.,"$119,000.",7140,"$111,860.","$114,240.","($2,380.)",1/2/14,2,February,2014
Enterprise,USA,Velo,Medium,2755,$120,$125.,"$344,375.",20662.5,"$323,712.5","$330,600.","($6,887.5)",1/2/14,2,February,2014
Midmarket,Germany,Velo,Medium,1530,$120,$15.,"$22,950.",1377,"$21,573.","$15,300.","$6,273.",1/5/14,5,May,2014
Small Business,France,Velo,Medium,1221,$120,$300.,"$366,300.",21978,"$344,322.","$305,250.","$39,072.",1/10/13,10,October,2013
Midmarket,Canada,VTT,Medium,2844,$250,$15.,"$42,660.",2559.6,"$40,100.4","$28,440.","$11,660.4",1/6/14,6,June,2014
Small Business,France,VTT,Medium,1221,$250,$300.,"$366,300.",21978,"$344,322.","$305,250.","$39,072.",1/10/13,10,October,2013
Small Business,Canada,VTT,Medium,2436,$250,$300.,"$730,800.",43848,"$686,952.","$609,000.","$77,952.",1/12/13,12,December,2013
Enterprise,France,Amarilla,Medium,1987.5,$260,$125.,"$248,437.5",14906.25,"$233,531.25","$238,500.","($4,968.75)",1/1/14,1,January,2014
Midmarket,USA,VTT,Medium,1153,$250,$15.,"$17,295.",1037.7,"$16,257.3","$11,530.","$4,727.3",1/10/14,10,October,2014
Channel Partners,Mexico,Carretera,Medium,727,$3,$12.,"$8,724.",610.68,"$8,113.32","$2,181.","$5,932.32",1/2/14,2,February,2014
Channel Partners,Canada,Carretera,Medium,1884,$3,$12.,"$22,608.",1582.56,"$21,025.44","$5,652.","$15,373.44",1/8/14,8,August,2014
Channel Partners,Mexico,Montana,Medium,2340,$5,$12.,"$28,080.",1965.6,"$26,114.4","$7,020.","$19,094.4",1/1/14,1,January,2014
Channel Partners,France,Montana,Medium,2342,$5,$12.,"$28,104.",1967.28,"$26,136.72","$7,026.","$19,110.72",1/11/14,11,November,2014
Midmarket,Canada,Velo,Medium,1262,$120,$15.,"$18,930.",1325.1,"$17,604.9","$12,620.","$4,984.9",1/5/14,5,May,2014
Channel Partners,France,VTT,Medium,1738.5,$250,$12.,"$20,862.",1460.34,"$19,401.66","$5,215.5","$14,186.16",1/4/14,4,April,2014
Channel Partners,Germany,VTT,Medium,2215,$250,$12.,"$26,580.",1860.6,"$24,719.4","$6,645.","$18,074.4",1/9/13,9,September,2013
Small Business,France,Carretera,Medium,448,$3,$300.,"$134,400.",9408,"$124,992.","$112,000.","$12,992.",1/6/14,6,June,2014
Small Business,France,Carretera,Medium,2181,$3,$300.,"$654,300.",45801,"$608,499.","$545,250.","$63,249.",1/10/14,10,October,2014
Small Business,France,Montana,Medium,2181,$5,$300.,"$654,300.",45801,"$608,499.","$545,250.","$63,249.",1/10/14,10,October,2014
Enterprise,Germany,Montana,Medium,2500,$5,$125.,"$312,500.",21875,"$290,625.","$300,000.","($9,375.)",1/11/13,11,November,2013
Small Business,France,Velo,Medium,1659,$120,$300.,"$497,700.",34839,"$462,861.","$414,750.","$48,111.",1/7/14,7,July,2014
Enterprise,Germany,Velo,Medium,2087,$120,$125.,"$260,875.",18261.25,"$242,613.75","$250,440.","($7,826.25)",1/9/14,9,September,2014
Small Business,USA,Velo,Medium,1372,$120,$300.,"$411,600.",28812,"$382,788.","$343,000.","$39,788.",1/12/14,12,December,2014
Channel Partners,Canada,VTT,Medium,3244.5,$250,$12.,"$38,934.",2725.38,"$36,208.62","$9,733.5","$26,475.12",1/1/14,1,January,2014
Small Business,France,VTT,Medium,959,$250,$300.,"$287,700.",20139,"$267,561.","$239,750.","$27,811.",1/2/14,2,February,2014
Small Business,Mexico,VTT,Medium,2747,$250,$300.,"$824,100.",57687,"$766,413.","$686,750.","$79,663.",1/2/14,2,February,2014
Enterprise,Canada,Amarilla,Medium,1645,$260,$125.,"$205,625.",14393.75,"$191,231.25","$197,400.","($6,168.75)",1/5/14,5,May,2014
Enterprise,Germany,Amarilla,Medium,994,$260,$125.,"$124,250.",8697.5,"$115,552.5","$119,280.","($3,727.5)",1/9/13,9,September,2013
Small Business,USA,Amarilla,Medium,1372,$260,$300.,"$411,600.",28812,"$382,788.","$343,000.","$39,788.",1/12/14,12,December,2014
Enterprise,Mexico,Carretera,Medium,1540,$3,$125.,"$192,500.",15400,"$177,100.","$184,800.","($7,700.)",1/8/14,8,August,2014
Midmarket,France,Carretera,Medium,490,$3,$15.,"$7,350.",588,"$6,762.","$4,900.","$1,862.",1/11/14,11,November,2014
Midmarket,France,Montana,Medium,2501,$5,$15.,"$37,515.",3001.2,"$34,513.8","$25,010.","$9,503.8",1/3/14,3,March,2014
Small Business,France,Montana,Medium,1562,$5,$300.,"$468,600.",37488,"$431,112.","$390,500.","$40,612.",1/8/14,8,August,2014
Small Business,Canada,Montana,Medium,1283,$5,$300.,"$384,900.",30792,"$354,108.","$320,750.","$33,358.",1/9/13,9,September,2013
Midmarket,Germany,Montana,Medium,711,$5,$15.,"$10,665.",853.2,"$9,811.8","$7,110.","$2,701.8",1/12/14,12,December,2014
Channel Partners,Canada,Velo,Medium,598,$120,$12.,"$7,176.",574.08,"$6,601.92","$1,794.","$4,807.92",1/3/14,3,March,2014
Small Business,France,Velo,Medium,386,$120,$300.,"$115,800.",9264,"$106,536.","$96,500.","$10,036.",1/11/13,11,November,2013
Small Business,Mexico,Velo,Medium,635,$120,$300.,"$190,500.",15240,"$175,260.","$158,750.","$16,510.",1/12/14,12,December,2014
Small Business,Canada,VTT,Medium,2134,$250,$300.,"$640,200.",51216,"$588,984.","$533,500.","$55,484.",1/9/14,9,September,2014
Small Business,USA,VTT,Medium,808,$250,$300.,"$242,400.",19392,"$223,008.","$202,000.","$21,008.",1/12/13,12,December,2013
Small Business,Mexico,Amarilla,Medium,2460,$260,$300.,"$738,000.",59040,"$678,960.","$615,000.","$63,960.",1/6/14,6,June,2014
Midmarket,Germany,Amarilla,Medium,711,$260,$15.,"$10,665.",853.2,"$9,811.8","$7,110.","$2,701.8",1/12/14,12,December,2014
Channel Partners,Mexico,Amarilla,Medium,1375,$260,$12.,"$16,500.",1320,"$15,180.","$4,125.","$11,055.",1/12/13,12,December,2013
Small Business,Mexico,Amarilla,Medium,635,$260,$300.,"$190,500.",15240,"$175,260.","$158,750.","$16,510.",1/12/14,12,December,2014
Small Business,Canada,Carretera,Medium,1094,$3,$300.,"$328,200.",29538,"$298,662.","$273,500.","$25,162.",1/6/14,6,June,2014
Channel Partners,Mexico,Carretera,Medium,367,$3,$12.,"$4,404.",396.36,"$4,007.64","$1,101.","$2,906.64",1/10/13,10,October,2013
Small Business,Canada,Montana,Medium,3802.5,$5,$300.,"$1,140,750.",102667.5,"$1,038,082.5","$950,625.","$87,457.5",1/4/14,4,April,2014
Small Business,France,Montana,Medium,322,$5,$300.,"$96,600.",8694,"$87,906.","$80,500.","$7,406.",1/9/13,9,September,2013
Channel Partners,Canada,Montana,Medium,2321,$5,$12.,"$27,852.",2506.68,"$25,345.32","$6,963.","$18,382.32",1/11/14,11,November,2014
Enterprise,France,Montana,Medium,1857,$5,$125.,"$232,125.",20891.25,"$211,233.75","$222,840.","($11,606.25)",1/11/13,11,November,2013
Enterprise,USA,Montana,Medium,2797,$5,$125.,"$349,625.",31466.25,"$318,158.75","$335,640.","($17,481.25)",1/12/14,12,December,2014
Small Business,Germany,Montana,Medium,334,$5,$300.,"$100,200.",9018,"$91,182.","$83,500.","$7,682.",1/12/13,12,December,2013
Midmarket,Mexico,Velo,Medium,245,$120,$15.,"$3,675.",330.75,"$3,344.25","$2,450.",$894.25,1/5/14,5,May,2014
Small Business,Canada,Velo,Medium,3793.5,$120,$300.,"$1,138,050.",102424.5,"$1,035,625.5","$948,375.","$87,250.5",1/7/14,7,July,2014
Enterprise,Canada,Velo,Medium,567,$120,$125.,"$70,875.",6378.75,"$64,496.25","$68,040.","($3,543.75)",1/9/14,9,September,2014
Enterprise,Mexico,Velo,Medium,2110,$120,$125.,"$263,750.",23737.5,"$240,012.5","$253,200.","($13,187.5)",1/9/14,9,September,2014
Channel Partners,USA,VTT,Medium,1956,$250,$12.,"$23,472.",2112.48,"$21,359.52","$5,868.","$15,491.52",1/1/14,1,January,2014
Small Business,Germany,VTT,Medium,2659,$250,$300.,"$797,700.",71793,"$725,907.","$664,750.","$61,157.",1/2/14,2,February,2014
Channel Partners,Germany,VTT,Medium,880,$250,$12.,"$10,560.",950.4,"$9,609.6","$2,640.","$6,969.6",1/5/14,5,May,2014
Small Business,USA,VTT,Medium,1867,$250,$300.,"$560,100.",50409,"$509,691.","$466,750.","$42,941.",1/9/14,9,September,2014
Channel Partners,France,VTT,Medium,2234,$250,$12.,"$26,808.",2412.72,"$24,395.28","$6,702.","$17,693.28",1/9/13,9,September,2013
Midmarket,France,VTT,Medium,1227,$250,$15.,"$18,405.",1656.45,"$16,748.55","$12,270.","$4,478.55",1/10/14,10,October,2014
Enterprise,Mexico,VTT,Medium,877,$250,$125.,"$109,625.",9866.25,"$99,758.75","$105,240.","($5,481.25)",1/11/14,11,November,2014
Midmarket,Germany,Amarilla,Medium,970,$260,$15.,"$14,550.",1309.5,"$13,240.5","$9,700.","$3,540.5",1/11/13,11,November,2013
Channel Partners,Germany,Carretera,Medium,1580,$3,$12.,"$18,960.",1706.4,"$17,253.6","$4,740.","$12,513.6",1/9/14,9,September,2014
Channel Partners,France,Velo,Medium,1967,$120,$12.,"$23,604.",2124.36,"$21,479.64","$5,901.","$15,578.64",1/3/14,3,March,2014
Midmarket,Mexico,Velo,Medium,2628,$120,$15.,"$39,420.",3547.8,"$35,872.2","$26,280.","$9,592.2",1/4/14,4,April,2014
Midmarket,Canada,Amarilla,Medium,1630.5,$260,$15.,"$24,457.5",2201.175,"$22,256.325","$16,305.","$5,951.325",1/7/14,7,July,2014
Channel Partners,France,Amarilla,Medium,306,$260,$12.,"$3,672.",330.48,"$3,341.52",$918.,"$2,423.52",1/12/13,12,December,2013
Channel Partners,USA,Carretera,High,386,$3,$12.,"$4,632.",463.2,"$4,168.8","$1,158.","$3,010.8",1/10/13,10,October,2013
Enterprise,USA,Carretera,High,3445.5,$3,$125.,"$430,687.5",43068.75,"$387,618.75","$413,460.","($25,841.25)",1/4/14,4,April,2014
Enterprise,France,Carretera,High,1482,$3,$125.,"$185,250.",18525,"$166,725.","$177,840.","($11,115.)",1/12/13,12,December,2013
Enterprise,USA,Montana,High,1804,$5,$125.,"$225,500.",22550,"$202,950.","$216,480.","($13,530.)",1/11/13,11,November,2013
Midmarket,France,Montana,High,2072,$5,$15.,"$31,080.",3108,"$27,972.","$20,720.","$7,252.",1/12/14,12,December,2014
Midmarket,Germany,Velo,High,681,$120,$15.,"$10,215.",1021.5,"$9,193.5","$6,810.","$2,383.5",1/1/14,1,January,2014
Midmarket,Germany,Velo,High,510,$120,$15.,"$7,650.",765,"$6,885.","$5,100.","$1,785.",1/4/14,4,April,2014
Midmarket,USA,Velo,High,790,$120,$15.,"$11,850.",1185,"$10,665.","$7,900.","$2,765.",1/5/14,5,May,2014
Enterprise,USA,Velo,High,1596,$120,$125.,"$199,500.",19950,"$179,550.","$191,520.","($11,970.)",1/9/14,9,September,2014
Small Business,USA,Velo,High,2294,$120,$300.,"$688,200.",68820,"$619,380.","$573,500.","$45,880.",1/10/13,10,October,2013
Enterprise,Canada,Velo,High,1916,$120,$125.,"$239,500.",23950,"$215,550.","$229,920.","($14,370.)",1/12/13,12,December,2013
Small Business,France,Velo,High,853,$120,$300.,"$255,900.",25590,"$230,310.","$213,250.","$17,060.",1/12/14,12,December,2014
Enterprise,Mexico,VTT,High,341,$250,$125.,"$42,625.",4262.5,"$38,362.5","$40,920.","($2,557.5)",1/5/14,5,May,2014
Midmarket,Mexico,VTT,High,641,$250,$15.,"$9,615.",961.5,"$8,653.5","$6,410.","$2,243.5",1/7/14,7,July,2014
Small Business,Mexico,VTT,High,432,$250,$300.,"$129,600.",12960,"$116,640.","$108,000.","$8,640.",1/9/14,9,September,2014
Small Business,USA,VTT,High,2294,$250,$300.,"$688,200.",68820,"$619,380.","$573,500.","$45,880.",1/10/13,10,October,2013
Midmarket,France,VTT,High,2167,$250,$15.,"$32,505.",3250.5,"$29,254.5","$21,670.","$7,584.5",1/10/13,10,October,2013
Enterprise,Canada,VTT,High,2529,$250,$125.,"$316,125.",31612.5,"$284,512.5","$303,480.","($18,967.5)",1/11/14,11,November,2014
Enterprise,USA,Amarilla,High,579,$260,$125.,"$72,375.",7237.5,"$65,137.5","$69,480.","($4,342.5)",1/1/14,1,January,2014
Small Business,USA,Amarilla,High,2993,$260,$300.,"$897,900.",89790,"$808,110.","$748,250.","$59,860.",1/3/14,3,March,2014
Channel Partners,Canada,Amarilla,High,3520.5,$260,$12.,"$42,246.",4224.6,"$38,021.4","$10,561.5","$27,459.9",1/4/14,4,April,2014
Channel Partners,Germany,Amarilla,High,2574,$260,$12.,"$30,888.",3088.8,"$27,799.2","$7,722.","$20,077.2",1/8/14,8,August,2014
Midmarket,France,Amarilla,High,2072,$260,$15.,"$31,080.",3108,"$27,972.","$20,720.","$7,252.",1/12/14,12,December,2014
Small Business,France,Amarilla,High,853,$260,$300.,"$255,900.",25590,"$230,310.","$213,250.","$17,060.",1/12/14,12,December,2014
Channel Partners,France,Carretera,High,1198,$3,$12.,"$14,376.",1581.36,"$12,794.64","$3,594.","$9,200.64",1/10/13,10,October,2013
Midmarket,Canada,Velo,High,384,$120,$15.,"$5,760.",633.6,"$5,126.4","$3,840.","$1,286.4",1/1/14,1,January,2014
Channel Partners,Germany,Velo,High,472,$120,$12.,"$5,664.",623.04,"$5,040.96","$1,416.","$3,624.96",1/10/14,10,October,2014
Channel Partners,Mexico,VTT,High,1005,$250,$12.,"$12,060.",1326.6,"$10,733.4","$3,015.","$7,718.4",1/9/13,9,September,2013
Midmarket,USA,Amarilla,High,3199.5,$260,$15.,"$47,992.5",5279.175,"$42,713.325","$31,995.","$10,718.325",1/7/14,7,July,2014
Channel Partners,Germany,Amarilla,High,472,$260,$12.,"$5,664.",623.04,"$5,040.96","$1,416.","$3,624.96",1/10/14,10,October,2014
Channel Partners,Canada,Carretera,High,1937,$3,$12.,"$23,244.",2556.84,"$20,687.16","$5,811.","$14,876.16",1/2/14,2,February,2014
Small Business,Germany,Carretera,High,2811,$3,$300.,"$843,300.",92763,"$750,537.","$702,750.","$47,787.",1/7/14,7,July,2014
Enterprise,France,Carretera,High,2441,$3,$125.,"$305,125.",33563.75,"$271,561.25","$292,920.","($21,358.75)",1/10/14,10,October,2014
Midmarket,Canada,Carretera,High,1560,$3,$15.,"$23,400.",2574,"$20,826.","$15,600.","$5,226.",1/11/13,11,November,2013
Midmarket,Mexico,Montana,High,2157,$5,$15.,"$32,355.",3559.05,"$28,795.95","$21,570.","$7,225.95",1/12/14,12,December,2014
Midmarket,Mexico,Velo,High,655,$120,$15.,"$9,825.",1080.75,"$8,744.25","$6,550.","$2,194.25",1/9/13,9,September,2013
Channel Partners,France,VTT,High,1734,$250,$12.,"$20,808.",2288.88,"$18,519.12","$5,202.","$13,317.12",1/1/14,1,January,2014
Enterprise,Mexico,VTT,High,554,$250,$125.,"$69,250.",7617.5,"$61,632.5","$66,480.","($4,847.5)",1/1/14,1,January,2014
Enterprise,Germany,Amarilla,High,3165,$260,$125.,"$395,625.",43518.75,"$352,106.25","$379,800.","($27,693.75)",1/1/14,1,January,2014
Enterprise,France,Amarilla,High,1433,$260,$125.,"$179,125.",19703.75,"$159,421.25","$171,960.","($12,538.75)",1/5/14,5,May,2014
Enterprise,Mexico,Amarilla,High,947,$260,$125.,"$118,375.",13021.25,"$105,353.75","$113,640.","($8,286.25)",1/9/13,9,September,2013
Midmarket,Mexico,Amarilla,High,2157,$260,$15.,"$32,355.",3559.05,"$28,795.95","$21,570.","$7,225.95",1/12/14,12,December,2014
Enterprise,Canada,Carretera,High,2416,$3,$125.,"$302,000.",36240,"$265,760.","$289,920.","($24,160.)",1/9/13,9,September,2013
Enterprise,Mexico,Carretera,High,2156,$3,$125.,"$269,500.",32340,"$237,160.","$258,720.","($21,560.)",1/10/14,10,October,2014
Midmarket,Canada,Carretera,High,2689,$3,$15.,"$40,335.",4840.2,"$35,494.8","$26,890.","$8,604.8",1/11/14,11,November,2014
Midmarket,USA,Montana,High,677,$5,$15.,"$10,155.",1218.6,"$8,936.4","$6,770.","$2,166.4",1/3/14,3,March,2014
Small Business,France,Montana,High,1773,$5,$300.,"$531,900.",63828,"$468,072.","$443,250.","$24,822.",1/4/14,4,April,2014
Small Business,France,Montana,High,1186,$5,$300.,"$355,800.",42696,"$313,104.","$296,500.","$16,604.",1/12/13,12,December,2013
Channel Partners,Canada,VTT,High,2109,$250,$12.,"$25,308.",3036.96,"$22,271.04","$6,327.","$15,944.04",1/5/14,5,May,2014
Midmarket,France,VTT,High,3874.5,$250,$15.,"$58,117.5",6974.1,"$51,143.4","$38,745.","$12,398.4",1/7/14,7,July,2014
Enterprise,USA,VTT,High,2387,$250,$125.,"$298,375.",35805,"$262,570.","$286,440.","($23,870.)",1/11/14,11,November,2014
Midmarket,USA,Amarilla,High,2548,$260,$15.,"$38,220.",4586.4,"$33,633.6","$25,480.","$8,153.6",1/11/13,11,November,2013
Channel Partners,Mexico,Montana,High,2661,$5,$12.,"$31,932.",3831.84,"$28,100.16","$7,983.","$20,117.16",1/5/14,5,May,2014
Channel Partners,Canada,Amarilla,High,2761,$260,$12.,"$33,132.",3975.84,"$29,156.16","$8,283.","$20,873.16",1/9/13,9,September,2013
Midmarket,USA,Carretera,High,2567,$3,$15.,"$38,505.",5005.65,"$33,499.35","$25,670.","$7,829.35",1/6/14,6,June,2014
Midmarket,USA,VTT,High,2567,$250,$15.,"$38,505.",5005.65,"$33,499.35","$25,670.","$7,829.35",1/6/14,6,June,2014
Channel Partners,Mexico,Montana,High,604,$5,$12.,"$7,248.",942.24,"$6,305.76","$1,812.","$4,493.76",1/6/14,6,June,2014
Midmarket,France,Velo,High,3997.5,$120,$15.,"$59,962.5",7795.125,"$52,167.375","$39,975.","$12,192.375",1/1/14,1,January,2014
Channel Partners,Mexico,Velo,High,604,$120,$12.,"$7,248.",942.24,"$6,305.76","$1,812.","$4,493.76",1/6/14,6,June,2014
Midmarket,Germany,Velo,High,660,$120,$15.,"$9,900.",1287,"$8,613.","$6,600.","$2,013.",1/9/13,9,September,2013
Channel Partners,Mexico,Velo,High,410,$120,$12.,"$4,920.",639.6,"$4,280.4","$1,230.","$3,050.4",1/10/14,10,October,2014
Small Business,Mexico,Velo,High,2605,$120,$300.,"$781,500.",101595,"$679,905.","$651,250.","$28,655.",1/11/13,11,November,2013
Channel Partners,Germany,Velo,High,1013,$120,$12.,"$12,156.",1580.28,"$10,575.72","$3,039.","$7,536.72",1/12/14,12,December,2014
Enterprise,Canada,VTT,High,1583,$250,$125.,"$197,875.",25723.75,"$172,151.25","$189,960.","($17,808.75)",1/6/14,6,June,2014
Midmarket,Canada,VTT,High,1565,$250,$15.,"$23,475.",3051.75,"$20,423.25","$15,650.","$4,773.25",1/10/14,10,October,2014
Enterprise,Canada,Amarilla,High,1659,$260,$125.,"$207,375.",26958.75,"$180,416.25","$199,080.","($18,663.75)",1/1/14,1,January,2014
Channel Partners,Mexico,Amarilla,High,410,$260,$12.,"$4,920.",639.6,"$4,280.4","$1,230.","$3,050.4",1/10/14,10,October,2014
Channel Partners,Germany,Amarilla,High,1770,$260,$12.,"$21,240.",2761.2,"$18,478.8","$5,310.","$13,168.8",1/12/13,12,December,2013
Channel Partners,France,Amarilla,High,1393,$260,$12.,"$16,716.",2340.24,"$14,375.76","$4,179.","$10,196.76",1/10/14,10,October,2014
Channel Partners,USA,Amarilla,High,2015,$260,$12.,"$24,180.",3385.2,"$20,794.8","$6,045.","$14,749.8",1/12/13,12,December,2013
Small Business,Mexico,Carretera,High,801,$3,$300.,"$240,300.",33642,"$206,658.","$200,250.","$6,408.",1/7/14,7,July,2014
Enterprise,France,Carretera,High,1023,$3,$125.,"$127,875.",17902.5,"$109,972.5","$122,760.","($12,787.5)",1/9/13,9,September,2013
Small Business,Canada,Carretera,High,1496,$3,$300.,"$448,800.",62832,"$385,968.","$374,000.","$11,968.",1/10/14,10,October,2014
Small Business,USA,Carretera,High,1010,$3,$300.,"$303,000.",42420,"$260,580.","$252,500.","$8,080.",1/10/14,10,October,2014
Midmarket,Germany,Carretera,High,1513,$3,$15.,"$22,695.",3177.3,"$19,517.7","$15,130.","$4,387.7",1/11/14,11,November,2014
Midmarket,Canada,Carretera,High,2300,$3,$15.,"$34,500.",4830,"$29,670.","$23,000.","$6,670.",1/12/14,12,December,2014
Enterprise,Mexico,Carretera,High,2821,$3,$125.,"$352,625.",49367.5,"$303,257.5","$338,520.","($35,262.5)",1/12/13,12,December,2013
Midmarket,Canada,Montana,High,2300,$5,$15.,"$34,500.",4830,"$29,670.","$23,000.","$6,670.",1/12/14,12,December,2014
Enterprise,Mexico,Velo,High,1575,$120,$125.,"$196,875.",27562.5,"$169,312.5","$189,000.","($19,687.5)",1/2/14,2,February,2014
Small Business,USA,Velo,High,2460,$120,$300.,"$738,000.",103320,"$634,680.","$615,000.","$19,680.",1/7/14,7,July,2014
Small Business,Canada,Velo,High,269,$120,$300.,"$80,700.",11298,"$69,402.","$67,250.","$2,152.",1/10/13,10,October,2013
Small Business,Germany,Velo,High,2536,$120,$300.,"$760,800.",106512,"$654,288.","$634,000.","$20,288.",1/11/13,11,November,2013
Small Business,USA,VTT,High,2541,$250,$300.,"$762,300.",106722,"$655,578.","$635,250.","$20,328.",1/8/14,8,August,2014
Small Business,Canada,VTT,High,269,$250,$300.,"$80,700.",11298,"$69,402.","$67,250.","$2,152.",1/10/13,10,October,2013
Small Business,Canada,VTT,High,1496,$250,$300.,"$448,800.",62832,"$385,968.","$374,000.","$11,968.",1/10/14,10,October,2014
Small Business,USA,VTT,High,1010,$250,$300.,"$303,000.",42420,"$260,580.","$252,500.","$8,080.",1/10/14,10,October,2014
Small Business,Canada,Amarilla,High,888,$260,$300.,"$266,400.",37296,"$229,104.","$222,000.","$7,104.",1/3/14,3,March,2014
Enterprise,USA,Amarilla,High,2844,$260,$125.,"$355,500.",49770,"$305,730.","$341,280.","($35,550.)",1/5/14,5,May,2014
Channel Partners,France,Amarilla,High,2475,$260,$12.,"$29,700.",4158,"$25,542.","$7,425.","$18,117.",1/8/14,8,August,2014
Midmarket,Canada,Amarilla,High,1743,$260,$15.,"$26,145.",3660.3,"$22,484.7","$17,430.","$5,054.7",1/10/13,10,October,2013
Channel Partners,USA,Amarilla,High,2914,$260,$12.,"$34,968.",4895.52,"$30,072.48","$8,742.","$21,330.48",1/10/14,10,October,2014
Midmarket,Mexico,Amarilla,High,1870,$260,$15.,"$28,050.",3927,"$24,123.","$18,700.","$5,423.",1/11/13,11,November,2013
Enterprise,France,Carretera,High,1174,$3,$125.,"$146,750.",22012.5,"$124,737.5","$140,880.","($16,142.5)",1/8/14,8,August,2014
Enterprise,Germany,Carretera,High,2767,$3,$125.,"$345,875.",51881.25,"$293,993.75","$332,040.","($38,046.25)",1/8/14,8,August,2014
Enterprise,Germany,Carretera,High,1085,$3,$125.,"$135,625.",20343.75,"$115,281.25","$130,200.","($14,918.75)",1/10/14,10,October,2014
Small Business,Mexico,Montana,High,546,$5,$300.,"$163,800.",24570,"$139,230.","$136,500.","$2,730.",1/10/14,10,October,2014
Channel Partners,Mexico,Velo,High,500,$120,$12.,"$6,000.",900,"$5,100.","$1,500.","$3,600.",1/3/14,3,March,2014
Midmarket,France,Velo,High,2826,$120,$15.,"$42,390.",6358.5,"$36,031.5","$28,260.","$7,771.5",1/5/14,5,May,2014
Enterprise,France,Velo,High,663,$120,$125.,"$82,875.",12431.25,"$70,443.75","$79,560.","($9,116.25)",1/9/14,9,September,2014
Small Business,USA,Velo,High,2574,$120,$300.,"$772,200.",115830,"$656,370.","$643,500.","$12,870.",1/11/13,11,November,2013
Enterprise,USA,Velo,High,2438,$120,$125.,"$304,750.",45712.5,"$259,037.5","$292,560.","($33,522.5)",1/12/13,12,December,2013
Channel Partners,USA,Velo,High,914,$120,$12.,"$10,968.",1645.2,"$9,322.8","$2,742.","$6,580.8",1/12/14,12,December,2014
Midmarket,Germany,VTT,High,492,$250,$15.,"$7,380.",1107,"$6,273.","$4,920.","$1,353.",1/7/14,7,July,2014
Midmarket,Germany,VTT,High,1175,$250,$15.,"$17,625.",2643.75,"$14,981.25","$11,750.","$3,231.25",1/10/14,10,October,2014
Enterprise,Canada,VTT,High,2954,$250,$125.,"$369,250.",55387.5,"$313,862.5","$354,480.","($40,617.5)",1/11/13,11,November,2013
Enterprise,Germany,VTT,High,552,$250,$125.,"$69,000.",10350,"$58,650.","$66,240.","($7,590.)",1/11/14,11,November,2014
Small Business,France,Amarilla,High,2475,$260,$300.,"$742,500.",111375,"$631,125.","$618,750.","$12,375.",1/3/14,3,March,2014
Small Business,Mexico,Amarilla,High,546,$260,$300.,"$163,800.",24570,"$139,230.","$136,500.","$2,730.",1/10/14,10,October,2014
Channel Partners,USA,VTT,High,1806,$250,$12.,"$21,672.",3250.8,"$18,421.2","$5,418.","$13,003.2",1/5/14,5,May,2014
Midmarket,Mexico,Paseo,None,974,$10,$15.,"$14,610.",0,"$14,610.","$9,740.","$4,870.",1/2/14,2,February,2014
Channel Partners,Canada,Paseo,None,2518,$10,$12.,"$30,216.",0,"$30,216.","$7,554.","$22,662.",1/6/14,6,June,2014
Channel Partners,Germany,Paseo,None,367,$10,$12.,"$4,404.",0,"$4,404.","$1,101.","$3,303.",1/7/14,7,July,2014
Midmarket,France,Paseo,None,549,$10,$15.,"$8,235.",0,"$8,235.","$5,490.","$2,745.",1/9/13,9,September,2013
Small Business,Mexico,Paseo,None,788,$10,$300.,"$236,400.",0,"$236,400.","$197,000.","$39,400.",1/9/13,9,September,2013
Midmarket,Mexico,Paseo,None,2472,$10,$15.,"$37,080.",0,"$37,080.","$24,720.","$12,360.",1/9/14,9,September,2014
Channel Partners,USA,Paseo,None,912,$10,$12.,"$10,944.",0,"$10,944.","$2,736.","$8,208.",1/11/13,11,November,2013
Midmarket,Canada,Paseo,None,2152,$10,$15.,"$32,280.",0,"$32,280.","$21,520.","$10,760.",1/12/13,12,December,2013
Midmarket,France,Paseo,Low,2296,$10,$15.,"$34,440.",344.4,"$34,095.6","$22,960.","$11,135.6",1/2/14,2,February,2014
Midmarket,USA,Paseo,Low,1514,$10,$15.,"$22,710.",227.1,"$22,482.9","$15,140.","$7,342.9",1/2/14,2,February,2014
Enterprise,USA,Paseo,Low,727,$10,$125.,"$90,875.",908.75,"$89,966.25","$87,240.","$2,726.25",1/6/14,6,June,2014
Enterprise,France,Paseo,Low,787,$10,$125.,"$98,375.",983.75,"$97,391.25","$94,440.","$2,951.25",1/6/14,6,June,2014
Enterprise,Mexico,Paseo,Low,1823,$10,$125.,"$227,875.",2278.75,"$225,596.25","$218,760.","$6,836.25",1/7/14,7,July,2014
Midmarket,Germany,Paseo,Low,747,$10,$15.,"$11,205.",112.05,"$11,092.95","$7,470.","$3,622.95",1/9/14,9,September,2014
Channel Partners,Germany,Paseo,Low,766,$10,$12.,"$9,192.",91.92,"$9,100.08","$2,298.","$6,802.08",1/10/13,10,October,2013
Small Business,USA,Paseo,Low,2905,$10,$300.,"$871,500.",8715,"$862,785.","$726,250.","$136,535.",1/11/14,11,November,2014
Midmarket,Canada,Paseo,Low,2363,$10,$15.,"$35,445.",708.9,"$34,736.1","$23,630.","$11,106.1",1/2/14,2,February,2014
Small Business,France,Paseo,Low,918,$10,$300.,"$275,400.",5508,"$269,892.","$229,500.","$40,392.",1/5/14,5,May,2014
Small Business,Germany,Paseo,Low,1728,$10,$300.,"$518,400.",10368,"$508,032.","$432,000.","$76,032.",1/5/14,5,May,2014
Channel Partners,USA,Paseo,Low,1142,$10,$12.,"$13,704.",274.08,"$13,429.92","$3,426.","$10,003.92",1/6/14,6,June,2014
Enterprise,Mexico,Paseo,Low,662,$10,$125.,"$82,750.",1655,"$81,095.","$79,440.","$1,655.",1/6/14,6,June,2014
Channel Partners,Canada,Paseo,Low,1295,$10,$12.,"$15,540.",310.8,"$15,229.2","$3,885.","$11,344.2",1/10/14,10,October,2014
Enterprise,Germany,Paseo,Low,809,$10,$125.,"$101,125.",2022.5,"$99,102.5","$97,080.","$2,022.5",1/10/13,10,October,2013
Enterprise,Mexico,Paseo,Low,2145,$10,$125.,"$268,125.",5362.5,"$262,762.5","$257,400.","$5,362.5",1/10/13,10,October,2013
Channel Partners,France,Paseo,Low,1785,$10,$12.,"$21,420.",428.4,"$20,991.6","$5,355.","$15,636.6",1/11/13,11,November,2013
Small Business,Canada,Paseo,Low,1916,$10,$300.,"$574,800.",11496,"$563,304.","$479,000.","$84,304.",1/12/14,12,December,2014
Enterprise,Canada,Paseo,Low,2729,$10,$125.,"$341,125.",6822.5,"$334,302.5","$327,480.","$6,822.5",1/12/14,12,December,2014
Midmarket,USA,Paseo,Low,1925,$10,$15.,"$28,875.",577.5,"$28,297.5","$19,250.","$9,047.5",1/12/13,12,December,2013
Channel Partners,France,Paseo,Low,1055,$10,$12.,"$12,660.",253.2,"$12,406.8","$3,165.","$9,241.8",1/12/14,12,December,2014
Channel Partners,Mexico,Paseo,Low,1084,$10,$12.,"$13,008.",260.16,"$12,747.84","$3,252.","$9,495.84",1/12/14,12,December,2014
Small Business,France,Paseo,Low,2434.5,$10,$300.,"$730,350.",21910.5,"$708,439.5","$608,625.","$99,814.5",1/1/14,1,January,2014
Enterprise,Canada,Paseo,Low,1774,$10,$125.,"$221,750.",6652.5,"$215,097.5","$212,880.","$2,217.5",1/3/14,3,March,2014
Channel Partners,France,Paseo,Low,1901,$10,$12.,"$22,812.",684.36,"$22,127.64","$5,703.","$16,424.64",1/6/14,6,June,2014
Small Business,Germany,Paseo,Low,689,$10,$300.,"$206,700.",6201,"$200,499.","$172,250.","$28,249.",1/6/14,6,June,2014
Enterprise,Germany,Paseo,Low,1570,$10,$125.,"$196,250.",5887.5,"$190,362.5","$188,400.","$1,962.5",1/6/14,6,June,2014
Channel Partners,USA,Paseo,Low,1369.5,$10,$12.,"$16,434.",493.02,"$15,940.98","$4,108.5","$11,832.48",1/7/14,7,July,2014
Enterprise,Canada,Paseo,Low,2009,$10,$125.,"$251,125.",7533.75,"$243,591.25","$241,080.","$2,511.25",1/10/14,10,October,2014
Midmarket,Germany,Paseo,Low,1945,$10,$15.,"$29,175.",875.25,"$28,299.75","$19,450.","$8,849.75",1/10/13,10,October,2013
Enterprise,France,Paseo,Low,1287,$10,$125.,"$160,875.",4826.25,"$156,048.75","$154,440.","$1,608.75",1/12/14,12,December,2014
Enterprise,Germany,Paseo,Low,1706,$10,$125.,"$213,250.",6397.5,"$206,852.5","$204,720.","$2,132.5",1/12/14,12,December,2014
Midmarket,Mexico,Paseo,Low,2031,$10,$15.,"$30,465.",1218.6,"$29,246.4","$20,310.","$8,936.4",1/10/14,10,October,2014
Midmarket,France,Paseo,Low,2261,$10,$15.,"$33,915.",1356.6,"$32,558.4","$22,610.","$9,948.4",1/12/13,12,December,2013
Enterprise,Germany,Paseo,Low,795,$10,$125.,"$99,375.",3975,"$95,400.","$95,400.",$0.,1/3/14,3,March,2014
Small Business,Germany,Paseo,Low,1414.5,$10,$300.,"$424,350.",16974,"$407,376.","$353,625.","$53,751.",1/4/14,4,April,2014
Small Business,USA,Paseo,Low,2918,$10,$300.,"$875,400.",35016,"$840,384.","$729,500.","$110,884.",1/5/14,5,May,2014
Enterprise,France,Paseo,Low,2988,$10,$125.,"$373,500.",14940,"$358,560.","$358,560.",$0.,1/7/14,7,July,2014
Midmarket,Canada,Paseo,Low,218,$10,$15.,"$3,270.",130.8,"$3,139.2","$2,180.",$959.2,1/9/14,9,September,2014
Midmarket,USA,Paseo,Low,671,$10,$15.,"$10,065.",402.6,"$9,662.4","$6,710.","$2,952.4",1/10/13,10,October,2013
Midmarket,Mexico,Paseo,Low,1514,$10,$15.,"$22,710.",908.4,"$21,801.6","$15,140.","$6,661.6",1/10/13,10,October,2013
Enterprise,Mexico,Paseo,Low,1138,$10,$125.,"$142,250.",5690,"$136,560.","$136,560.",$0.,1/12/14,12,December,2014
Channel Partners,Canada,Paseo,Medium,2431,$10,$12.,"$29,172.",1458.6,"$27,713.4","$7,293.","$20,420.4",1/12/14,12,December,2014
Enterprise,USA,Paseo,Medium,2992,$10,$125.,"$374,000.",18700,"$355,300.","$359,040.","($3,740.)",1/3/14,3,March,2014
Enterprise,France,Paseo,Medium,2385,$10,$125.,"$298,125.",14906.25,"$283,218.75","$286,200.","($2,981.25)",1/3/14,3,March,2014
Small Business,Mexico,Paseo,Medium,1607,$10,$300.,"$482,100.",24105,"$457,995.","$401,750.","$56,245.",1/4/14,4,April,2014
Small Business,USA,Paseo,Medium,991,$10,$300.,"$297,300.",14865,"$282,435.","$247,750.","$34,685.",1/6/14,6,June,2014
Midmarket,France,Paseo,Medium,2620,$10,$15.,"$39,300.",1965,"$37,335.","$26,200.","$11,135.",1/9/14,9,September,2014
Enterprise,USA,Paseo,Medium,861,$10,$125.,"$107,625.",5381.25,"$102,243.75","$103,320.","($1,076.25)",1/10/14,10,October,2014
Enterprise,France,Paseo,Medium,704,$10,$125.,"$88,000.",4400,"$83,600.","$84,480.",($880.),1/10/13,10,October,2013
Midmarket,Germany,Paseo,Medium,2116,$10,$15.,"$31,740.",1587,"$30,153.","$21,160.","$8,993.",1/12/13,12,December,2013
Midmarket,France,Paseo,Medium,3801,$10,$15.,"$57,015.",3420.9,"$53,594.1","$38,010.","$15,584.1",1/4/14,4,April,2014
Channel Partners,Canada,Paseo,Medium,2299,$10,$12.,"$27,588.",1655.28,"$25,932.72","$6,897.","$19,035.72",1/10/13,10,October,2013
Midmarket,USA,Paseo,Medium,2198,$10,$15.,"$32,970.",1978.2,"$30,991.8","$21,980.","$9,011.8",1/8/14,8,August,2014
Midmarket,Germany,Paseo,Medium,1743,$10,$15.,"$26,145.",1568.7,"$24,576.3","$17,430.","$7,146.3",1/8/14,8,August,2014
Midmarket,USA,Paseo,Medium,1153,$10,$15.,"$17,295.",1037.7,"$16,257.3","$11,530.","$4,727.3",1/10/14,10,October,2014
Small Business,Canada,Paseo,Medium,1702,$10,$300.,"$510,600.",35742,"$474,858.","$425,500.","$49,358.",1/5/14,5,May,2014
Small Business,France,Paseo,Medium,448,$10,$300.,"$134,400.",9408,"$124,992.","$112,000.","$12,992.",1/6/14,6,June,2014
Enterprise,Germany,Paseo,Medium,3513,$10,$125.,"$439,125.",30738.75,"$408,386.25","$421,560.","($13,173.75)",1/7/14,7,July,2014
Midmarket,France,Paseo,Medium,2101,$10,$15.,"$31,515.",2206.05,"$29,308.95","$21,010.","$8,298.95",1/8/14,8,August,2014
Midmarket,USA,Paseo,Medium,2931,$10,$15.,"$43,965.",3077.55,"$40,887.45","$29,310.","$11,577.45",1/9/13,9,September,2013
Small Business,Germany,Paseo,Medium,1123,$10,$300.,"$336,900.",23583,"$313,317.","$280,750.","$32,567.",1/9/13,9,September,2013
Small Business,Canada,Paseo,Medium,1404,$10,$300.,"$421,200.",29484,"$391,716.","$351,000.","$40,716.",1/11/13,11,November,2013
Channel Partners,Mexico,Paseo,Medium,2763,$10,$12.,"$33,156.",2320.92,"$30,835.08","$8,289.","$22,546.08",1/11/13,11,November,2013
Enterprise,Mexico,Paseo,Medium,1114,$10,$125.,"$139,250.",11140,"$128,110.","$133,680.","($5,570.)",1/3/14,3,March,2014
Small Business,Mexico,Paseo,Medium,2460,$10,$300.,"$738,000.",59040,"$678,960.","$615,000.","$63,960.",1/6/14,6,June,2014
Small Business,Mexico,Paseo,Medium,2565,$10,$300.,"$769,500.",69255,"$700,245.","$641,250.","$58,995.",1/1/14,1,January,2014
Midmarket,USA,Paseo,Medium,3675,$10,$15.,"$55,125.",4961.25,"$50,163.75","$36,750.","$13,413.75",1/4/14,4,April,2014
Small Business,Canada,Paseo,Medium,1094,$10,$300.,"$328,200.",29538,"$298,662.","$273,500.","$25,162.",1/6/14,6,June,2014
Midmarket,France,Paseo,Medium,1227,$10,$15.,"$18,405.",1656.45,"$16,748.55","$12,270.","$4,478.55",1/10/14,10,October,2014
Channel Partners,Mexico,Paseo,Medium,367,$10,$12.,"$4,404.",396.36,"$4,007.64","$1,101.","$2,906.64",1/10/13,10,October,2013
Small Business,France,Paseo,Medium,1324,$10,$300.,"$397,200.",35748,"$361,452.","$331,000.","$30,452.",1/11/14,11,November,2014
Channel Partners,Germany,Paseo,Medium,1775,$10,$12.,"$21,300.",1917,"$19,383.","$5,325.","$14,058.",1/11/13,11,November,2013
Enterprise,USA,Paseo,Medium,2797,$10,$125.,"$349,625.",31466.25,"$318,158.75","$335,640.","($17,481.25)",1/12/14,12,December,2014
Channel Partners,USA,Paseo,High,386,$10,$12.,"$4,632.",463.2,"$4,168.8","$1,158.","$3,010.8",1/10/13,10,October,2013
Small Business,Mexico,Paseo,High,591,$10,$300.,"$177,300.",17730,"$159,570.","$147,750.","$11,820.",1/5/14,5,May,2014
Midmarket,France,Paseo,High,2167,$10,$15.,"$32,505.",3250.5,"$29,254.5","$21,670.","$7,584.5",1/10/13,10,October,2013
Channel Partners,France,Paseo,High,1198,$10,$12.,"$14,376.",1581.36,"$12,794.64","$3,594.","$9,200.64",1/10/13,10,October,2013
Small Business,Canada,Paseo,High,873,$10,$300.,"$261,900.",28809,"$233,091.","$218,250.","$14,841.",1/1/14,1,January,2014
Channel Partners,Canada,Paseo,High,4026,$10,$12.,"$48,312.",5314.32,"$42,997.68","$12,078.","$30,919.68",1/7/14,7,July,2014
Channel Partners,France,Paseo,High,2425.5,$10,$12.,"$29,106.",3201.66,"$25,904.34","$7,276.5","$18,627.84",1/7/14,7,July,2014
Midmarket,Mexico,Paseo,High,1984,$10,$15.,"$29,760.",3273.6,"$26,486.4","$19,840.","$6,646.4",1/8/14,8,August,2014
Enterprise,France,Paseo,High,2441,$10,$125.,"$305,125.",33563.75,"$271,561.25","$292,920.","($21,358.75)",1/10/14,10,October,2014
Small Business,Canada,Paseo,High,1366,$10,$300.,"$409,800.",45078,"$364,722.","$341,500.","$23,222.",1/11/14,11,November,2014
Small Business,USA,Paseo,High,3495,$10,$300.,"$1,048,500.",125820,"$922,680.","$873,750.","$48,930.",1/1/14,1,January,2014
Enterprise,Mexico,Paseo,High,2156,$10,$125.,"$269,500.",32340,"$237,160.","$258,720.","($21,560.)",1/10/14,10,October,2014
Small Business,Germany,Paseo,High,1359,$10,$300.,"$407,700.",48924,"$358,776.","$339,750.","$19,026.",1/11/14,11,November,2014
Small Business,Mexico,Paseo,High,2150,$10,$300.,"$645,000.",77400,"$567,600.","$537,500.","$30,100.",1/11/14,11,November,2014
Midmarket,Mexico,Paseo,High,380,$10,$15.,"$5,700.",684,"$5,016.","$3,800.","$1,216.",1/12/13,12,December,2013
Small Business,Germany,Paseo,High,807,$10,$300.,"$242,100.",31473,"$210,627.","$201,750.","$8,877.",1/1/14,1,January,2014
Enterprise,Canada,Paseo,High,1583,$10,$125.,"$197,875.",25723.75,"$172,151.25","$189,960.","($17,808.75)",1/6/14,6,June,2014
Channel Partners,Mexico,Paseo,High,571,$10,$12.,"$6,852.",890.76,"$5,961.24","$1,713.","$4,248.24",1/7/14,7,July,2014
Midmarket,Canada,Paseo,High,1565,$10,$15.,"$23,475.",3051.75,"$20,423.25","$15,650.","$4,773.25",1/10/14,10,October,2014
Channel Partners,Germany,Paseo,High,1013,$10,$12.,"$12,156.",1580.28,"$10,575.72","$3,039.","$7,536.72",1/12/14,12,December,2014
Midmarket,Germany,Paseo,High,278,$10,$15.,"$4,170.",583.8,"$3,586.2","$2,780.",$806.2,1/2/14,2,February,2014
Midmarket,USA,Paseo,High,1767,$10,$15.,"$26,505.",3710.7,"$22,794.3","$17,670.","$5,124.3",1/9/14,9,September,2014
Channel Partners,France,Paseo,High,1393,$10,$12.,"$16,716.",2340.24,"$14,375.76","$4,179.","$10,196.76",1/10/14,10,October,2014
Midmarket,Canada,Paseo,High,2470,$10,$15.,"$37,050.",5187,"$31,863.","$24,700.","$7,163.",1/9/13,9,September,2013
Midmarket,Canada,Paseo,High,1743,$10,$15.,"$26,145.",3660.3,"$22,484.7","$17,430.","$5,054.7",1/10/13,10,October,2013
Channel Partners,USA,Paseo,High,2914,$10,$12.,"$34,968.",4895.52,"$30,072.48","$8,742.","$21,330.48",1/10/14,10,October,2014
Channel Partners,Canada,Paseo,High,2222,$10,$12.,"$26,664.",3732.96,"$22,931.04","$6,666.","$16,265.04",1/11/13,11,November,2013
Midmarket,Canada,Paseo,High,1614,$10,$15.,"$24,210.",3631.5,"$20,578.5","$16,140.","$4,438.5",1/4/14,4,April,2014
Midmarket,Canada,Paseo,High,2559,$10,$15.,"$38,385.",5757.75,"$32,627.25","$25,590.","$7,037.25",1/8/14,8,August,2014
Enterprise,Germany,Paseo,High,1085,$10,$125.,"$135,625.",20343.75,"$115,281.25","$130,200.","($14,918.75)",1/10/14,10,October,2014
Midmarket,Germany,Paseo,High,1175,$10,$15.,"$17,625.",2643.75,"$14,981.25","$11,750.","$3,231.25",1/10/14,10,October,2014
Channel Partners,USA,Paseo,High,914,$10,$12.,"$10,968.",1645.2,"$9,322.8","$2,742.","$6,580.8",1/12/14,12,December,2014